temp,RH,wind,rain,fire
8.2,51.0,6.7,0.0,1
18.0,33.0,0.9,0.0,1
14.6,33.0,1.3,0.0,1
8.3,97.0,4.0,0.2,1
11.4,99.0,1.8,0.0,1
22.2,29.0,5.4,0.0,1
24.1,27.0,3.1,0.0,1
8.0,86.0,2.2,0.0,1
13.1,63.0,5.4,0.0,1
22.8,40.0,4.0,0.0,1
17.8,51.0,7.2,0.0,1
19.3,38.0,4.0,0.0,1
17.0,72.0,6.7,0.0,1
21.3,42.0,2.2,0.0,1
26.4,21.0,4.5,0.0,1
22.9,44.0,5.4,0.0,1
15.1,27.0,5.4,0.0,1
16.7,47.0,4.9,0.0,1
15.9,35.0,4.0,0.0,1
9.3,44.0,4.5,0.0,1
18.3,40.0,2.7,0.0,1
19.1,38.0,2.7,0.0,1
21.0,44.0,4.5,0.0,1
19.5,43.0,5.8,0.0,1
23.7,32.0,5.8,0.0,1
16.3,60.0,5.4,0.0,1
19.0,34.0,5.8,0.0,1
19.4,48.0,1.3,0.0,1
30.2,24.0,2.7,0.0,1
22.8,39.0,3.6,0.0,1
25.4,24.0,3.6,0.0,1
11.2,78.0,7.6,0.0,1
20.6,37.0,1.8,0.0,1
17.7,39.0,3.6,0.0,1
21.2,32.0,2.7,0.0,1
18.2,62.0,4.5,0.0,1
21.7,24.0,4.5,0.0,1
11.3,60.0,5.4,0.0,1
17.8,27.0,4.0,0.0,1
14.1,43.0,2.7,0.0,1
23.3,37.0,3.1,0.0,1
18.4,42.0,6.7,0.0,1
16.6,54.0,5.4,0.0,1
19.6,48.0,2.7,0.0,1
12.9,74.0,4.9,0.0,1
25.9,24.0,4.0,0.0,1
14.7,70.0,3.6,0.0,1
23.0,36.0,3.1,0.0,1
11.8,35.0,1.8,0.0,1
11.0,46.0,5.8,0.0,1
20.8,17.0,1.3,0.0,1
21.5,34.0,2.2,0.0,1
20.4,42.0,4.9,0.0,1
20.4,42.0,4.9,0.0,1
17.6,45.0,3.6,0.0,1
27.7,24.0,2.2,0.0,1
17.8,63.0,4.9,0.0,1
13.8,50.0,2.7,0.0,1
13.9,40.0,5.4,0.0,1
12.3,51.0,0.9,0.0,1
11.5,39.0,5.8,0.0,1
5.5,59.0,6.3,0.0,1
18.8,35.0,4.9,0.0,1
20.8,33.0,2.7,0.0,1
23.1,31.0,3.1,0.0,1
18.6,44.0,4.5,0.0,1
23.0,37.0,4.5,0.0,1
19.6,33.0,5.4,0.0,1
19.6,33.0,6.3,0.0,1
17.2,26.0,4.5,0.0,1
15.8,27.0,7.6,0.0,1
17.7,37.0,3.6,0.0,1
15.6,25.0,6.3,0.0,1
17.3,43.0,4.5,0.0,1
27.6,30.0,1.3,0.0,1
6.7,79.0,3.1,0.0,1
15.7,43.0,3.1,0.0,1
8.3,72.0,3.1,0.0,1
14.7,66.0,2.7,0.0,1
21.6,19.0,6.7,0.0,1
19.5,39.0,6.3,0.0,1
17.9,44.0,2.2,0.0,1
18.6,51.0,4.5,0.0,1
16.6,47.0,0.9,0.0,1
20.2,45.0,3.6,0.0,1
21.5,15.0,0.9,0.0,1
25.4,27.0,2.2,0.0,1
22.4,34.0,2.2,0.0,1
25.3,36.0,3.6,0.0,1
17.4,25.0,4.9,0.0,1
14.7,59.0,5.8,0.0,1
17.4,24.0,5.4,0.0,1
20.8,32.0,6.3,0.0,1
18.2,43.0,4.9,0.0,1
23.4,22.0,2.7,0.0,1
17.8,64.0,1.3,0.0,1
12.7,48.0,1.8,0.0,1
17.4,24.0,5.4,0.0,1
11.6,87.0,4.5,0.0,1
19.8,39.0,5.4,0.0,1
19.8,39.0,5.4,0.0,1
14.4,66.0,5.4,0.0,1
20.1,40.0,4.0,0.0,1
24.1,29.0,4.5,0.0,1
5.3,78.0,3.1,0.0,1
12.7,52.0,6.3,0.0,1
18.2,29.0,3.1,0.0,1
21.4,33.0,3.1,0.0,1
20.3,45.0,3.1,0.0,1
17.4,56.0,5.4,0.0,1
13.7,43.0,5.8,0.0,1
18.8,18.0,4.5,0.0,1
22.8,39.0,3.6,0.0,1
18.9,35.0,2.7,0.0,1
15.8,27.0,7.6,0.0,1
15.5,27.0,6.3,0.0,1
11.6,30.0,6.3,0.0,1
15.2,27.0,4.9,0.0,1
10.6,30.0,4.0,0.0,1
19.6,36.0,3.1,0.0,1
10.3,74.0,2.2,0.0,1
17.1,43.0,5.4,0.0,1
22.5,42.0,5.4,0.0,1
17.9,45.0,3.1,0.0,1
19.8,50.0,5.4,0.0,1
20.6,24.0,5.4,0.0,1
9.0,49.0,2.2,0.0,1
17.2,43.0,3.1,0.0,1
15.9,46.0,3.6,0.0,1
15.4,35.0,0.9,0.0,1
15.4,40.0,2.7,0.0,1
14.0,39.0,3.1,0.0,1
10.6,46.0,4.9,0.0,1
17.6,42.0,3.1,0.0,1
14.9,38.0,2.7,0.0,1
17.6,52.0,5.8,0.0,1
17.2,58.0,1.3,0.0,1
15.6,66.0,3.1,0.0,1
18.0,42.0,2.7,0.0,1
21.7,38.0,2.2,0.0,1
21.9,39.0,1.8,0.0,1
23.3,31.0,4.5,0.0,1
21.2,51.0,8.9,0.0,1
16.6,53.0,5.4,0.0,1
23.8,32.0,5.4,0.0,1
27.4,22.0,4.0,0.0,1
13.2,40.0,5.4,0.0,1
24.2,28.0,3.6,0.0,1
17.4,43.0,6.7,0.0,1
23.7,25.0,4.5,0.0,1
23.2,39.0,5.4,0.0,1
24.8,29.0,2.2,0.0,1
24.6,43.0,1.8,0.0,1
20.1,47.0,4.9,0.0,1
29.6,27.0,2.7,0.0,1
16.4,47.0,1.3,0.0,1
28.6,27.0,2.2,0.0,1
18.4,45.0,3.6,0.0,1
20.5,35.0,4.0,0.0,1
19.0,34.0,5.8,0.0,1
16.1,29.0,3.1,0.0,1
20.3,41.0,4.0,0.0,1
15.2,31.0,8.5,0.0,1
17.8,56.0,1.8,0.0,1
17.8,67.0,2.2,0.0,1
5.3,70.0,4.5,0.0,1
16.6,47.0,0.9,0.0,1
23.4,33.0,4.5,0.0,1
14.6,26.0,9.4,0.0,1
20.7,45.0,2.2,0.0,1
21.9,35.0,1.8,0.0,1
17.4,50.0,4.0,0.0,1
20.1,39.0,5.4,0.0,1
17.7,39.0,2.2,0.0,1
14.2,53.0,1.8,0.0,1
20.3,39.0,4.9,0.0,1
5.8,54.0,5.8,0.0,1
19.2,44.0,2.7,0.0,1
18.3,45.0,2.2,0.0,1
14.4,66.0,5.4,0.0,1
23.9,32.0,6.7,0.0,1
19.1,32.0,4.0,0.0,1
12.4,53.0,2.2,0.0,1
16.8,45.0,4.5,0.0,1
20.8,34.0,4.9,0.0,1
17.6,46.0,3.1,0.0,1
11.5,39.0,5.8,0.0,1
21.0,42.0,2.2,0.0,1
13.3,42.0,0.9,0.0,1
11.5,60.0,4.0,0.0,1
11.7,33.0,4.0,0.0,1
24.2,28.0,2.7,0.0,1
24.6,22.0,4.5,0.0,1
24.3,25.0,4.0,0.0,1
24.6,22.0,4.5,0.0,1
23.5,36.0,5.4,0.0,1
5.8,54.0,5.8,0.0,1
21.5,15.0,0.9,0.0,1
13.9,59.0,6.3,0.0,1
22.6,38.0,3.6,0.0,1
21.6,33.0,2.2,0.0,1
12.4,54.0,3.6,0.0,1
8.8,68.0,2.2,0.0,1
20.2,37.0,2.7,0.0,1
15.1,64.0,4.0,0.0,1
22.1,34.0,1.8,0.0,1
22.9,31.0,7.2,0.0,1
20.7,37.0,2.2,0.0,1
19.6,33.0,6.3,0.0,1
23.2,26.0,4.9,0.0,1
18.4,25.0,3.1,0.0,1
5.1,96.0,5.8,0.0,1
20.1,47.0,4.9,0.0,1
11.0,46.0,5.8,0.0,1
17.0,27.0,4.9,0.0,1
17.0,27.0,4.9,0.0,1
16.9,60.0,1.3,0.0,1
12.4,73.0,6.3,0.0,1
19.4,19.0,1.3,0.0,1
15.2,27.0,3.1,0.0,1
16.2,59.0,3.1,0.0,1
18.6,49.0,3.6,0.0,1
11.0,46.0,5.8,0.0,1
13.4,79.0,3.6,0.0,1
15.4,57.0,4.5,0.0,1
22.9,39.0,4.9,0.0,1
16.1,44.0,4.0,0.0,1
20.1,34.0,4.5,0.0,1
28.3,26.0,3.1,0.0,1
16.4,43.0,4.0,0.0,1
26.4,21.0,4.5,0.0,1
27.8,27.0,3.1,0.0,1
18.7,43.0,2.7,0.0,1
24.3,36.0,3.1,0.0,1
17.7,25.0,3.1,0.0,1
19.6,41.0,5.8,0.0,1
18.2,46.0,1.8,0.0,1
18.8,40.0,2.2,0.0,1
25.1,27.0,4.0,0.0,1
13.4,75.0,1.8,0.0,1
15.2,51.0,2.7,0.0,1
16.7,20.0,3.1,0.0,1
15.4,66.0,4.0,0.0,1
21.9,73.0,7.6,1.0,1
22.4,54.0,7.6,0.0,1
26.8,38.0,6.3,0.0,1
25.7,39.0,5.4,0.0,1
20.7,70.0,2.2,0.0,1
28.7,28.0,2.7,0.0,1
21.7,40.0,0.4,0.0,1
26.8,25.0,3.1,0.0,1
24.0,36.0,3.1,0.0,1
22.1,37.0,3.6,0.0,1
21.4,38.0,2.7,0.0,1
18.9,41.0,3.1,0.0,1
22.3,46.0,4.0,0.0,1
23.9,41.0,2.2,0.0,1
21.4,44.0,2.7,0.0,1
20.6,59.0,0.9,0.0,1
23.7,40.0,1.8,0.0,1
28.3,32.0,4.0,0.0,1
11.2,84.0,7.6,0.0,1
21.4,42.0,3.1,0.0,1
19.3,39.0,3.6,0.0,1
21.8,53.0,3.1,0.0,1
22.1,54.0,7.6,0.0,1
19.4,55.0,4.0,0.0,1
23.7,24.0,3.1,0.0,1
21.0,32.0,3.1,0.0,1
19.1,53.0,2.7,0.0,1
21.8,56.0,3.1,0.0,1
20.1,58.0,4.5,0.0,1
20.2,47.0,4.0,0.0,1
4.8,57.0,8.5,0.0,1
5.1,61.0,8.0,0.0,1
5.1,61.0,4.9,0.0,1
4.6,21.0,8.5,0.0,1
4.6,21.0,8.5,0.0,1
4.6,21.0,8.5,0.0,1
4.6,21.0,8.5,0.0,1
2.2,59.0,4.9,0.0,1
5.1,24.0,8.5,0.0,1
4.2,51.0,4.0,0.0,1
8.8,35.0,3.1,0.0,1
7.5,46.0,8.0,0.0,1
23.4,40.0,6.3,0.0,1
12.6,90.0,7.6,0.2,1
22.1,49.0,2.7,0.0,1
24.2,32.0,1.8,0.0,1
24.3,30.0,1.8,0.0,1
18.7,53.0,1.8,0.0,1
25.3,39.0,0.9,0.0,1
22.9,40.0,1.3,0.0,1
26.9,28.0,5.4,0.0,1
17.1,67.0,3.6,0.0,1
22.2,48.0,1.3,0.0,1
14.3,46.0,1.8,0.0,1
15.4,45.0,2.2,0.0,1
19.6,43.0,4.9,0.0,1
10.6,90.0,2.7,0.0,1
20.7,25.0,4.9,0.0,1
19.1,39.0,5.4,0.0,1
19.2,38.0,4.5,0.0,1
19.2,38.0,4.5,0.0,1
11.3,94.0,4.9,0.0,1
19.0,52.0,2.2,0.0,1
17.1,53.0,5.4,0.0,1
23.8,35.0,3.6,0.0,1
16.0,45.0,1.8,0.0,1
24.9,27.0,2.2,0.0,1
25.3,27.0,2.7,0.0,1
24.8,28.0,1.8,0.0,1
12.2,78.0,6.3,0.0,1
24.3,27.0,4.9,0.0,1
19.7,41.0,1.8,0.0,1
18.5,30.0,2.7,0.0,1
18.6,24.0,5.8,0.0,1
19.2,24.0,4.9,0.0,1
21.6,27.0,2.2,0.0,1
21.6,28.0,6.3,0.0,1
18.9,34.0,7.2,0.0,1
16.8,28.0,4.0,0.0,1
16.8,28.0,4.0,0.0,1
12.9,39.0,2.7,0.0,1
13.7,56.0,1.8,0.0,1
24.2,27.0,3.1,0.0,1
24.1,27.0,3.1,0.0,1
21.2,32.0,2.2,0.0,1
19.7,35.0,1.8,0.0,1
23.5,27.0,4.0,0.0,1
24.2,27.0,3.1,0.0,1
21.5,28.0,4.5,0.0,1
17.1,41.0,2.2,0.0,1
18.1,54.0,3.1,0.0,1
18.0,51.0,5.4,0.0,1
9.8,86.0,1.8,0.0,1
19.3,44.0,2.2,0.0,1
23.0,34.0,2.2,0.0,1
22.7,35.0,2.2,0.0,1
20.4,41.0,1.8,0.0,1
19.3,44.0,2.2,0.0,1
15.7,51.0,2.2,0.0,1
20.6,37.0,1.8,0.0,1
15.9,51.0,4.5,0.0,1
12.2,66.0,4.9,0.0,1
16.8,43.0,3.1,0.0,1
21.3,35.0,2.2,0.0,1
10.1,75.0,3.6,0.0,1
17.4,57.0,4.5,0.0,1
12.8,64.0,3.6,0.0,1
10.1,75.0,3.6,0.0,1
15.4,53.0,6.3,0.0,1
20.6,43.0,3.6,0.0,1
19.8,47.0,2.7,0.0,1
18.7,50.0,2.2,0.0,1
20.8,35.0,4.9,0.0,1
20.8,35.0,4.9,0.0,1
15.9,55.0,3.6,0.0,1
19.7,39.0,2.7,0.0,1
21.1,39.0,2.2,0.0,1
18.4,42.0,2.2,0.0,1
17.3,45.0,4.0,0.0,1
15.2,64.0,3.1,0.0,1
15.9,53.0,2.2,0.0,1
21.1,35.0,2.7,0.0,1
19.6,45.0,3.1,0.0,1
15.9,38.0,5.4,0.0,1
16.4,27.0,3.6,0.0,1
16.8,47.0,4.9,0.0,1
13.8,77.0,7.6,0.0,1
13.8,77.0,7.6,0.0,1
14.2,58.0,4.0,0.0,1
10.4,75.0,0.9,0.0,1
20.3,42.0,2.7,0.0,1
10.3,78.0,4.0,0.0,1
15.4,57.0,4.9,0.0,1
21.1,54.0,2.2,0.0,1
21.9,42.0,2.2,0.0,1
8.7,51.0,5.8,0.0,1
5.2,100.0,0.9,0.0,1
19.3,39.0,7.2,0.0,1
16.2,63.0,2.7,0.0,1
28.2,29.0,1.8,0.0,1
20.5,58.0,2.7,0.0,1
21.3,44.0,4.5,0.0,1
20.9,50.0,2.2,0.0,1
20.6,55.0,5.4,0.0,1
11.6,48.0,5.4,0.0,1
23.3,34.0,3.1,0.0,1
23.3,34.0,3.1,0.0,1
7.5,71.0,6.3,0.0,1
20.7,46.0,2.7,0.0,1
21.9,43.0,4.0,0.0,1
15.2,19.0,7.6,0.0,1
5.3,68.0,1.8,0.0,1
10.1,62.0,1.8,0.0,1
20.4,55.0,4.9,0.0,1
24.3,33.0,3.6,0.0,1
25.9,32.0,3.1,0.0,1
28.0,34.0,4.5,0.0,1
28.0,34.0,4.5,0.0,1
22.8,46.0,4.0,0.0,1
25.0,36.0,4.0,0.0,1
21.3,41.0,3.6,0.0,1
21.8,34.0,2.2,0.0,1
27.9,27.0,2.2,0.0,1
17.0,67.0,4.9,0.0,1
14.2,46.0,4.0,0.0,1
19.9,44.0,3.1,0.0,1
23.4,31.0,5.4,0.0,1
14.7,42.0,2.7,0.0,1
8.2,53.0,9.4,0.0,1
22.8,27.0,4.5,0.0,1
26.4,33.0,3.6,0.0,1
24.1,50.0,4.0,0.0,1
27.5,27.0,4.9,0.0,1
26.3,39.0,3.1,0.0,1
13.8,24.0,5.8,0.0,1
24.9,42.0,5.4,0.0,1
24.8,36.0,4.0,0.0,1
26.2,36.0,4.5,0.0,1
30.8,19.0,4.5,0.0,1
29.3,27.0,3.6,0.0,1
22.3,48.0,4.0,0.0,1
26.9,31.0,3.6,0.0,1
20.4,56.0,2.2,0.0,1
20.4,56.0,2.2,0.0,1
27.9,33.0,2.2,0.0,1
26.2,34.0,5.8,0.0,1
24.6,44.0,4.0,0.0,1
19.4,45.0,3.6,0.0,1
23.3,40.0,4.0,0.0,1
23.9,38.0,6.7,0.0,1
20.9,66.0,4.9,0.0,1
22.2,45.0,3.6,0.0,1
23.8,51.0,1.8,0.0,1
26.8,35.0,1.3,0.0,1
14.2,73.0,2.7,0.0,1
23.6,53.0,4.0,0.0,1
19.1,46.0,2.2,0.0,1
16.2,58.0,3.6,0.0,1
25.5,29.0,1.8,0.0,1
10.9,64.0,3.1,0.0,1
14.8,78.0,8.0,0.0,1
16.2,58.0,3.6,0.0,1
17.3,80.0,4.5,0.0,1
19.1,70.0,2.2,0.0,1
8.9,35.0,8.0,0.0,1
10.5,77.0,4.0,0.0,1
19.3,61.0,4.9,0.0,1
23.4,49.0,5.4,0.0,1
11.8,88.0,4.9,0.0,1
17.7,65.0,4.0,0.0,1
17.4,54.0,3.1,0.0,1
16.8,56.0,3.1,0.0,1
17.9,48.0,2.7,0.0,1
16.6,59.0,2.7,0.0,1
19.9,50.0,4.0,0.0,1
18.9,64.0,4.9,0.0,1
15.5,72.0,8.0,0.0,1
18.9,64.0,4.9,0.0,1
18.9,64.0,4.9,0.0,1
14.5,76.0,7.6,0.0,1
4.6,82.0,6.3,0.0,1
5.1,77.0,5.4,0.0,1
4.6,59.0,0.9,0.0,1
10.2,45.0,5.8,0.0,1
11.2,41.0,5.4,0.0,1
13.3,27.0,3.6,0.0,1
13.7,33.0,9.4,0.0,1
17.6,27.0,5.8,0.0,1
18.0,40.0,4.0,0.0,1
14.3,79.0,4.0,0.0,1
24.5,50.0,3.1,0.0,1
26.4,35.0,2.7,0.0,1
22.7,40.0,9.4,0.0,1
27.2,28.0,1.3,0.0,1
26.1,45.0,4.0,0.0,1
18.2,82.0,4.5,0.0,1
22.6,57.0,4.9,0.0,1
30.2,25.0,4.5,0.0,1
30.2,22.0,4.9,0.0,1
23.4,40.0,5.8,0.0,1
31.0,27.0,5.4,0.0,1
33.1,25.0,4.0,0.0,1
30.6,28.0,3.6,0.0,1
24.1,43.0,6.3,0.0,1
26.4,34.0,3.6,0.0,1
19.4,71.0,7.6,0.0,1
20.6,58.0,1.3,0.0,1
28.7,33.0,4.0,0.0,1
32.4,21.0,4.5,0.0,1
32.4,27.0,2.2,0.0,1
27.5,29.0,4.5,0.0,1
30.8,30.0,4.9,0.0,1
23.9,42.0,2.2,0.0,1
32.6,26.0,3.1,0.0,1
32.3,27.0,2.2,0.0,1
33.3,26.0,2.7,0.0,1
27.3,63.0,4.9,6.4,1
21.6,65.0,4.9,0.8,1
21.6,65.0,4.9,0.8,1
20.7,69.0,4.9,0.4,1
29.2,30.0,4.9,0.0,1
28.9,29.0,4.9,0.0,1
26.7,35.0,1.8,0.0,1
18.5,73.0,8.5,0.0,1
25.9,41.0,3.6,0.0,1
25.9,41.0,3.6,0.0,1
21.1,71.0,7.6,1.4,1
18.2,62.0,5.4,0.0,1
27.8,35.0,2.7,0.0,1
27.8,32.0,2.7,0.0,1
21.9,71.0,5.8,0.0,1
21.2,70.0,6.7,0.0,1
25.6,42.0,4.0,0.0,1
11.8,31.0,4.5,0.0,1
14.3,52.0,14.8,0.0,0
12.2,22.0,5.8,0.0,0
15.0,67.0,19.1,0.1,0
-31.0,61.0,6.8,0.0,0
9.0,93.0,9.0,2.0,0
22.0,19.0,15.1,0.0,0
2.0,80.0,15.1,0.0,0
-7.4,80.0,19.4,0.0,0
-21.1,100.0,2.5,0.0,0
26.6,94.0,7.9,8.2,0
21.0,64.0,15.1,2.3,0
-25.7,97.0,4.7,0.1,0
31.0,75.0,6.1,0.0,0
13.3,66.0,12.6,0.0,0
12.2,22.0,5.8,0.0,0
-18.2,51.0,6.1,0.0,0
26.0,32.0,4.0,0.0,0
-19.0,70.0,6.8,0.0,0
26.0,84.0,0.0,0.0,0
25.0,100.0,13.0,4.1,0
12.5,68.0,11.9,0.0,0
21.0,78.0,33.1,0.0,0
30.3,51.0,11.5,0.0,0
17.0,42.0,22.0,0.0,0
8.6,94.0,1.4,1.7,0
4.9,39.0,2.5,0.0,0
-25.0,76.0,6.8,0.0,0
26.0,32.0,4.0,0.0,0
27.0,51.0,0.0,0.0,0
25.0,100.0,13.0,2.7,0
21.0,18.0,20.2,0.0,0
29.9,10.0,12.6,0.0,0
14.3,52.0,14.8,0.0,0
21.4,27.0,3.2,0.0,0
27.0,58.0,16.9,0.0,0
-23.0,76.0,0.0,0.0,0
27.0,16.0,46.1,0.1,0
22.0,19.0,15.1,0.0,0
24.2,30.0,3.2,0.0,0
-16.0,71.0,15.1,0.6,0
26.0,39.0,25.9,0.0,0
27.0,80.0,21.6,0.0,0
-3.3,90.0,15.1,0.0,0
27.0,66.0,0.0,0.1,0
-32.8,72.0,9.4,0.0,0
-8.4,58.0,10.1,0.0,0
12.2,22.0,5.8,0.0,0
30.3,51.0,11.5,0.0,0
22.0,19.0,15.1,0.0,0
13.2,22.0,4.7,0.0,0
22.0,69.0,13.0,0.0,0
21.2,43.0,13.0,0.0,0
-1.0,80.0,11.2,0.6,0
23.2,61.0,1.8,0.0,0
-3.0,54.0,0.0,0.0,0
-12.0,92.0,15.1,0.0,0
21.2,43.0,13.0,0.0,0
1.0,80.0,6.8,0.1,0
31.0,75.0,6.1,0.0,0
13.2,22.0,4.7,0.0,0
22.0,17.0,6.1,0.0,0
-10.0,79.0,22.0,0.0,0
13.2,40.0,4.7,0.0,0
29.5,77.0,40.0,0.1,0
-26.0,76.0,33.1,0.2,0
30.3,51.0,11.5,0.0,0
-3.8,82.0,23.4,0.3,0
-33.4,98.0,11.2,0.1,0
-3.8,82.0,23.4,0.3,0
13.3,66.0,12.6,0.0,0
10.2,50.0,29.9,0.1,0
26.0,39.0,25.9,0.0,0
28.0,44.0,3.2,0.0,0
27.0,51.0,0.0,0.0,0
28.0,70.0,19.1,0.0,0
-26.2,74.0,9.7,0.0,0
21.0,18.0,20.2,0.0,0
35.7,36.0,14.4,0.0,0
21.0,20.0,13.0,0.0,0
7.0,81.0,11.2,0.0,0
13.2,22.0,4.7,0.0,0
27.3,82.0,36.4,0.1,0
12.2,22.0,5.8,0.0,0
21.0,18.0,20.2,0.0,0
35.7,36.0,14.4,0.0,0
-1.0,69.0,6.8,0.0,0
-17.1,70.0,16.2,0.0,0
28.7,9.0,16.6,0.0,0
24.9,24.0,9.0,0.0,0
22.0,19.0,15.1,0.0,0
11.0,71.0,9.0,0.0,0
27.0,58.0,16.9,0.0,0
14.3,52.0,14.8,0.0,0
13.1,47.0,3.2,0.0,0
12.2,22.0,5.8,0.0,0
-23.0,76.0,0.0,0.0,0
22.0,17.0,6.1,0.0,0
31.0,75.0,6.1,0.0,0
26.0,84.0,0.0,0.0,0
17.6,96.0,2.2,0.7,0
25.0,100.0,2.2,0.4,0
22.0,17.0,6.1,0.0,0
9.0,93.0,11.2,0.0,0
-8.0,92.0,37.1,1.4,0
17.2,26.0,24.1,0.0,0
27.0,89.0,15.1,2.6,0
-19.5,86.0,11.5,0.0,0
25.0,44.0,19.1,0.0,0
26.0,84.0,0.0,0.0,0
26.0,84.0,0.0,0.0,0
11.5,76.0,8.3,0.0,0
25.5,22.0,7.2,0.0,0
28.6,64.0,10.4,0.0,0
23.0,94.0,13.0,2.8,0
31.0,75.0,6.1,0.0,0
14.3,52.0,14.8,0.0,0
23.0,94.0,13.0,2.8,0
11.5,76.0,8.3,0.0,0
-2.8,46.0,4.0,0.0,0
21.0,64.0,15.1,2.2,0
3.0,93.0,0.0,0.0,0
28.0,84.0,19.1,0.5,0
13.3,66.0,12.6,0.0,0
-12.0,92.0,15.1,0.0,0
23.9,89.0,5.8,0.5,0
24.0,94.0,0.0,0.1,0
25.0,94.0,0.0,0.0,0
13.3,66.0,12.6,0.0,0
26.0,39.0,25.9,0.0,0
28.0,75.0,15.1,0.8,0
2.3,89.0,14.4,0.4,0
21.2,43.0,13.0,0.0,0
-32.0,67.0,4.0,0.0,0
26.0,94.0,6.8,4.0,0
18.0,22.0,6.1,0.0,0
12.5,68.0,11.9,0.0,0
22.0,61.0,24.1,0.1,0
27.0,58.0,16.9,0.0,0
25.0,100.0,13.0,2.7,0
32.0,30.0,6.8,0.0,0
13.3,66.0,12.6,0.0,0
-2.0,74.0,6.8,0.0,0
20.0,64.0,20.2,0.0,0
24.9,72.0,21.2,0.0,0
18.0,22.0,6.1,0.0,0
11.5,76.0,8.3,0.0,0
29.8,78.0,23.4,0.0,0
24.0,94.0,0.0,0.3,0
17.0,95.0,2.9,0.3,0
12.2,22.0,5.8,0.0,0
22.0,17.0,6.1,0.0,0
22.0,61.0,24.1,0.1,0
-3.6,87.0,19.8,0.0,0
24.5,71.0,24.8,0.0,0
25.6,64.0,16.9,0.0,0
2.7,82.0,45.7,0.0,0
-19.6,97.0,8.3,0.0,0
21.0,64.0,15.1,2.3,0
12.2,22.0,5.8,0.0,0
-8.3,92.0,11.9,0.0,0
26.0,84.0,0.0,3.9,0
11.5,76.0,8.3,0.0,0
27.0,66.0,0.0,0.1,0
3.9,52.0,15.1,0.0,0
24.9,24.0,9.0,0.0,0
31.0,75.0,6.1,0.0,0
-15.1,80.0,14.0,0.0,0
29.3,31.0,18.7,0.0,0
-13.4,26.0,5.0,0.0,0
-31.4,73.0,4.0,0.0,0
23.0,94.0,13.0,2.8,0
35.7,36.0,14.4,0.0,0
-16.0,84.0,15.1,0.0,0
27.0,58.0,16.9,0.0,0
34.5,14.0,18.7,0.0,0
28.4,77.0,10.4,9.8,0
-20.0,77.0,6.1,0.0,0
24.2,30.0,3.2,0.0,0
28.6,64.0,10.4,0.0,0
27.0,58.0,16.9,0.0,0
12.2,22.0,5.8,0.0,0
35.7,36.0,14.4,0.0,0
30.3,51.0,11.5,0.0,0
13.1,47.0,3.2,0.0,0
22.0,19.0,15.1,0.0,0
13.2,22.0,4.7,0.0,0
35.7,36.0,14.4,0.0,0
-3.6,50.0,16.2,0.0,0
21.3,65.0,7.9,0.6,0
22.0,19.0,15.1,0.0,0
12.2,22.0,5.8,0.0,0
1.0,80.0,29.9,2.4,0
27.0,66.0,0.0,0.1,0
13.3,66.0,12.6,0.0,0
-21.9,97.0,18.4,0.2,0
12.5,68.0,11.9,0.0,0
-8.0,92.0,37.1,1.4,0
-25.7,90.0,2.9,0.0,0
13.2,22.0,4.7,0.0,0
16.0,77.0,29.9,0.3,0
-12.0,92.0,15.1,0.0,0
13.2,40.0,4.7,0.0,0
-17.8,43.0,9.0,0.0,0
1.0,59.0,16.9,1.0,0
-21.2,99.0,5.4,0.0,0
12.0,75.0,8.3,0.0,0
23.0,94.0,13.0,2.8,0
23.1,95.0,3.2,3.6,0
24.0,94.0,0.0,0.1,0
21.4,27.0,3.2,0.0,0
27.0,16.0,46.1,0.1,0
29.4,76.0,15.5,4.2,0
-1.0,80.0,11.2,0.6,0
-31.0,99.0,9.0,0.0,0
28.6,64.0,10.4,0.0,0
-30.5,67.0,4.0,0.0,0
-23.0,76.0,0.0,0.0,0
25.8,78.0,15.5,6.5,0
-24.3,98.0,9.0,0.0,0
35.0,53.0,16.9,0.0,0
-27.8,98.0,15.8,0.2,0
21.0,18.0,20.2,0.0,0
22.4,35.0,30.2,0.0,0
-16.6,93.0,8.3,0.3,0
26.0,84.0,0.0,0.0,0
28.0,37.0,22.0,0.0,0
14.7,65.0,10.1,0.0,0
11.5,76.0,8.3,0.0,0
-20.7,96.0,6.1,0.0,0
27.0,66.0,0.0,0.1,0
30.0,66.0,9.0,0.0,0
-21.4,98.0,8.3,0.0,0
13.1,47.0,3.2,0.0,0
21.0,18.0,20.2,0.0,0
-4.8,30.0,40.0,0.0,0
28.2,76.0,22.0,0.5,0
3.0,93.0,0.0,0.0,0
23.0,94.0,13.0,2.8,0
13.3,66.0,12.6,0.0,0
-23.0,76.0,0.0,0.0,0
-30.9,90.0,6.5,0.1,0
12.2,22.0,5.8,0.0,0
24.0,94.0,0.0,0.1,0
-25.1,54.0,7.9,0.0,0
35.7,36.0,14.4,0.0,0
12.5,68.0,11.9,0.0,0
21.2,43.0,13.0,0.0,0
11.5,76.0,8.3,0.0,0
12.5,68.0,11.9,0.0,0
-36.2,82.0,2.2,0.0,0
25.0,100.0,13.0,2.7,0
1.0,69.0,11.2,0.5,0
14.4,40.0,9.0,0.0,0
27.0,89.0,15.1,0.0,0
-8.8,92.0,13.0,0.1,0
30.3,51.0,11.5,0.0,0
21.0,18.0,20.2,0.0,0
-26.5,87.0,5.0,0.0,0
11.0,71.0,9.0,0.0,0
11.5,76.0,8.3,0.0,0
35.7,36.0,14.4,0.0,0
12.5,68.0,11.9,0.0,0
29.0,79.0,0.0,5.9,0
27.0,84.0,15.1,1.9,0
-14.0,85.0,25.9,0.0,0
23.0,19.0,13.0,0.0,0
33.1,39.0,28.1,0.0,0
-31.0,75.0,6.1,0.0,0
23.0,19.0,13.0,0.0,0
21.0,18.0,20.2,0.0,0
11.5,76.0,8.3,0.0,0
30.3,51.0,11.5,0.0,0
7.0,81.0,11.2,0.0,0
12.5,68.0,11.9,0.0,0
12.2,22.0,5.8,0.0,0
12.2,22.0,5.8,0.0,0
27.0,80.0,21.6,0.0,0
-32.0,67.0,4.0,0.0,0
22.0,17.0,6.1,0.0,0
13.2,22.0,4.7,0.0,0
21.0,17.0,16.9,0.0,0
24.2,30.0,3.2,0.0,0
22.0,17.0,6.1,0.0,0
22.0,19.0,15.1,0.0,0
26.0,32.0,4.0,0.0,0
21.2,43.0,13.0,0.0,0
13.3,66.0,12.6,0.0,0
-23.0,76.0,6.8,0.0,0
22.0,19.0,15.1,0.0,0
11.5,76.0,8.3,0.0,0
31.0,59.0,19.1,0.2,0
27.0,51.0,0.0,0.0,0
23.0,94.0,13.0,2.8,0
21.3,65.0,7.9,0.6,0
28.3,81.0,28.8,0.3,0
32.0,44.0,3.2,0.0,0
23.0,89.0,0.0,0.3,0
-4.0,86.0,6.1,0.0,0
26.0,84.0,11.2,3.5,0
-32.3,97.0,6.8,0.0,0
30.3,51.0,11.5,0.0,0
22.0,17.0,6.1,0.0,0
13.2,22.0,4.7,0.0,0
-23.0,76.0,0.0,0.0,0
35.7,36.0,14.4,0.0,0
14.3,52.0,14.8,0.0,0
26.0,61.0,28.1,0.0,0
22.0,43.0,11.2,0.0,0
14.3,52.0,14.8,0.0,0
-23.0,70.0,29.9,0.0,0
27.0,66.0,0.0,0.1,0
35.7,36.0,14.4,0.0,0
13.3,66.0,12.6,0.0,0
21.0,64.0,15.1,2.2,0
28.6,64.0,10.4,0.0,0
23.0,94.0,13.0,2.8,0
25.0,100.0,13.0,3.8,0
28.3,79.0,22.0,3.6,0
13.3,66.0,12.6,0.0,0
11.5,76.0,8.3,0.0,0
26.0,84.0,0.0,0.0,0
23.0,94.0,13.0,2.8,0
15.0,55.0,28.1,0.0,0
-12.2,60.0,33.1,0.0,0
25.5,83.0,24.1,0.1,0
11.8,85.0,6.8,1.3,0
13.2,22.0,4.7,0.0,0
-1.0,80.0,11.2,0.6,0
22.0,69.0,24.1,0.0,0
26.0,39.0,25.9,0.0,0
30.3,51.0,11.5,0.0,0
12.2,22.0,5.8,0.0,0
14.4,83.0,11.5,1.5,0
23.0,94.0,13.0,2.8,0
-23.0,76.0,0.0,0.0,0
12.2,22.0,5.8,0.0,0
27.0,16.0,46.1,0.1,0
27.2,6.0,11.2,0.0,0
28.0,37.0,22.0,0.0,0
25.6,92.0,5.4,2.1,0
28.6,64.0,10.4,0.0,0
-30.0,93.0,3.6,0.0,0
11.8,85.0,6.8,1.3,0
-6.7,78.0,17.6,0.0,0
-19.0,70.0,6.8,0.0,0
31.0,75.0,6.1,0.0,0
29.0,55.0,6.1,0.0,0
26.0,32.0,4.0,0.0,0
18.0,39.0,11.2,0.0,0
27.0,66.0,0.0,0.1,0
23.0,94.0,13.0,2.8,0
-10.0,79.0,22.0,0.0,0
-10.9,89.0,15.5,0.5,0
31.0,75.0,6.1,0.0,0
22.0,61.0,24.1,0.1,0
27.0,51.0,0.0,0.0,0
26.1,89.0,17.3,6.9,0
-25.5,82.0,4.7,0.0,0
13.2,22.0,4.7,0.0,0
20.0,53.0,19.1,0.0,0
-7.0,86.0,9.0,0.0,0
13.1,47.0,3.2,0.0,0
-8.1,49.0,15.1,0.0,0
-11.8,94.0,13.7,0.0,0
-8.0,92.0,24.1,1.4,0
31.0,75.0,6.1,0.0,0
12.5,68.0,11.9,0.0,0
1.0,80.0,29.9,2.4,0
35.7,36.0,14.4,0.0,0
18.0,22.0,6.1,0.0,0
12.2,22.0,5.8,0.0,0
-14.0,85.0,25.9,0.0,0
21.0,64.0,15.1,2.2,0
24.2,30.0,3.2,0.0,0
-1.0,80.0,11.2,0.6,0
13.3,66.0,12.6,0.0,0
11.4,19.0,14.8,0.0,0
21.0,40.0,4.0,0.0,0
21.2,43.0,13.0,0.0,0
28.0,89.0,19.1,0.7,0
28.5,53.0,21.2,0.0,0
13.3,66.0,12.6,0.0,0
17.9,33.0,4.3,0.0,0
11.5,76.0,8.3,0.0,0
14.0,67.0,13.0,0.0,0
18.0,22.0,6.1,0.0,0
1.0,80.0,29.9,2.4,0
11.5,76.0,8.3,0.0,0
30.3,51.0,11.5,0.0,0
11.5,76.0,8.3,0.0,0
24.0,83.0,29.9,0.0,0
-13.6,97.0,9.0,0.0,0
27.0,58.0,16.9,0.0,0
16.1,16.0,0.0,0.0,0
12.2,22.0,5.8,0.0,0
31.0,78.0,22.7,2.7,0
-16.1,62.0,9.0,0.3,0
13.7,17.0,0.0,0.0,0
12.5,68.0,11.9,0.0,0
-12.0,92.0,15.1,0.0,0
12.5,68.0,11.9,0.0,0
30.3,51.0,11.5,0.0,0
12.2,22.0,5.8,0.0,0
30.3,51.0,11.5,0.0,0
21.0,64.0,15.1,2.2,0
22.0,19.0,15.1,0.0,0
-10.9,89.0,15.5,0.5,0
28.0,37.0,22.0,0.0,0
22.0,19.0,15.1,0.0,0
14.3,52.0,14.8,0.0,0
26.0,84.0,0.0,3.9,0
-32.0,67.0,4.0,0.0,0
-32.1,43.0,6.8,0.0,0
13.1,47.0,3.2,0.0,0
27.0,94.0,11.2,8.8,0
12.7,56.0,10.8,0.0,0
11.8,85.0,6.8,1.3,0
-20.2,93.0,12.2,0.6,0
5.0,100.0,9.0,1.8,0
25.5,21.0,7.9,0.0,0
-1.0,80.0,11.2,0.6,0
26.0,84.0,0.0,0.0,0
21.4,27.0,3.2,0.0,0
30.3,51.0,11.5,0.0,0
13.2,40.0,4.7,0.0,0
11.5,76.0,8.3,0.0,0
35.7,36.0,14.4,0.0,0
-1.1,81.0,63.0,0.0,0
-34.0,74.0,6.1,0.0,0
22.0,17.0,6.1,0.0,0
14.3,52.0,14.8,0.0,0
26.0,39.0,25.9,0.0,0
21.0,64.0,15.1,2.2,0
9.9,37.0,9.7,0.0,0
14.3,52.0,14.8,0.0,0
21.2,43.0,13.0,0.0,0
27.0,16.0,46.1,0.1,0
21.3,65.0,7.9,0.6,0
5.0,100.0,9.0,1.8,0
21.5,42.0,20.9,0.0,0
-13.0,45.0,16.9,0.0,0
12.2,22.0,5.8,0.0,0
21.0,18.0,20.2,0.0,0
2.0,80.0,15.1,0.0,0
-8.4,75.0,1.1,0.0,0
32.0,67.0,22.0,0.3,0
29.2,76.0,20.5,6.7,0
9.2,67.0,8.3,0.0,0
21.4,27.0,3.2,0.0,0
13.3,66.0,12.6,0.0,0
29.3,70.0,4.7,2.3,0
22.0,19.0,15.1,0.0,0
30.0,66.0,9.0,0.0,0
-6.9,62.0,5.8,0.0,0
28.0,37.0,22.0,0.0,0
26.0,84.0,0.0,0.0,0
21.0,18.0,20.2,0.0,0
13.2,22.0,4.7,0.0,0
14.3,52.0,14.8,0.0,0
13.3,66.0,12.6,0.0,0
-13.9,72.0,24.1,0.6,0
2.0,80.0,15.1,0.0,0
30.3,51.0,11.5,0.0,0
26.6,94.0,7.9,8.2,0
12.5,68.0,11.9,0.0,0
-11.5,80.0,19.1,0.0,0
-29.0,68.0,9.0,0.0,0
12.5,68.0,11.9,0.0,0
21.3,65.0,7.9,0.6,0
27.0,51.0,0.0,0.0,0
4.1,60.0,4.0,0.0,0
13.1,47.0,3.2,0.0,0
-6.9,74.0,28.1,0.0,0
31.0,75.0,6.1,0.0,0
13.2,22.0,4.7,0.0,0
12.5,68.0,11.9,0.0,0
21.0,64.0,15.1,2.3,0
23.0,94.0,13.0,2.8,0
21.2,43.0,13.0,0.0,0
12.2,22.0,5.8,0.0,0
22.0,19.0,15.1,0.0,0
-10.0,79.0,22.0,0.4,0
18.9,26.0,5.0,0.0,0
30.3,51.0,11.5,0.0,0
23.0,19.0,13.0,0.0,0
-17.5,95.0,8.6,0.4,0
14.3,52.0,14.8,0.0,0
4.3,80.0,8.6,0.0,0
13.3,66.0,12.6,0.0,0
20.0,68.0,20.2,0.0,0
23.0,94.0,13.0,2.8,0
24.0,79.0,28.4,1.4,0
-32.0,67.0,4.0,0.0,0
-14.8,97.0,16.9,0.0,0
31.0,75.0,6.1,0.0,0
3.0,81.0,20.2,2.0,0
22.0,19.0,15.1,0.0,0
29.0,66.0,0.0,0.0,0
12.2,22.0,5.8,0.0,0
13.2,22.0,4.7,0.0,0
16.2,75.0,25.9,0.0,0
-21.9,93.0,0.7,0.0,0
18.0,39.0,11.2,0.0,0
13.0,94.0,16.9,0.0,0
23.0,94.0,13.0,2.8,0
-31.4,73.0,4.0,0.0,0
24.0,94.0,0.0,0.1,0
-32.0,67.0,4.0,0.0,0
12.5,68.0,11.9,0.0,0
-29.7,48.0,8.3,0.0,0
11.5,76.0,8.3,0.0,0
12.2,22.0,5.8,0.0,0
11.0,71.0,9.0,0.0,0
27.0,74.0,22.0,0.0,0
18.0,39.0,11.2,0.0,0
-1.0,80.0,11.2,0.6,0
23.0,94.0,13.0,2.8,0
23.9,66.0,20.2,0.0,0
-10.9,89.0,15.5,0.5,0
-29.2,89.0,6.5,0.0,0
25.0,100.0,13.0,2.7,0
29.0,75.0,9.0,0.0,0
30.3,51.0,11.5,0.0,0
12.2,22.0,5.8,0.0,0
13.2,22.0,4.7,0.0,0
22.0,19.0,15.1,0.0,0
23.0,41.0,13.0,0.0,0
19.2,38.0,7.6,0.0,0
26.0,84.0,6.1,4.8,0
21.2,43.0,13.0,0.0,0
17.0,59.0,34.9,0.5,0
30.3,51.0,11.5,0.0,0
13.3,66.0,12.6,0.0,0
-28.0,94.0,16.6,0.2,0
-12.0,92.0,0.0,0.0,0
27.0,58.0,16.9,0.0,0
11.5,76.0,8.3,0.0,0
27.0,16.0,46.1,0.1,0
2.0,80.0,15.1,0.0,0
12.5,68.0,11.9,0.0,0
12.5,68.0,11.9,0.0,0
13.1,47.0,3.2,0.0,0
21.0,18.0,20.2,0.0,0
25.5,21.0,7.9,0.0,0
14.0,67.0,19.1,0.2,0
11.5,76.0,8.3,0.0,0
28.0,84.0,0.0,0.4,0
-20.9,95.0,9.7,0.0,0
11.5,76.0,8.3,0.0,0
21.3,65.0,7.9,0.6,0
13.2,24.0,4.0,0.0,0
19.0,88.0,22.0,0.1,0
13.2,22.0,4.7,0.0,0
26.0,32.0,4.0,0.0,0
19.0,26.0,11.2,0.0,0
-3.0,54.0,15.1,0.0,0
20.3,76.0,11.2,0.0,0
12.2,22.0,5.8,0.0,0
25.0,100.0,13.0,2.7,0
35.7,36.0,14.4,0.0,0
24.2,30.0,3.2,0.0,0
-34.0,74.0,6.1,0.0,0
26.0,32.0,4.0,0.0,0
26.0,84.0,0.0,0.0,0
5.0,100.0,9.0,1.8,0
21.3,65.0,7.9,0.6,0
14.0,72.0,15.1,0.0,0
-32.0,67.0,4.0,0.0,0
18.9,26.0,5.0,0.0,0
-23.0,76.0,0.0,0.0,0
13.3,66.0,12.6,0.0,0
30.3,51.0,11.5,0.0,0
27.0,66.0,0.0,0.1,0
-1.0,42.0,33.1,0.0,0
12.2,22.0,5.8,0.0,0
3.0,87.0,20.2,0.0,0
12.2,22.0,5.8,0.0,0
22.0,19.0,15.1,0.0,0
23.0,94.0,13.0,2.8,0
24.9,24.0,9.0,0.0,0
-26.0,76.0,33.1,0.2,0
-10.0,79.0,22.0,0.0,0
27.0,58.0,16.9,0.0,0
21.0,18.0,20.2,0.0,0
-12.2,84.0,6.1,0.0,0
13.2,40.0,4.7,0.0,0
-34.0,74.0,6.1,0.0,0
11.5,76.0,8.3,0.0,0
-12.0,92.0,15.1,0.0,0
-12.0,92.0,4.0,0.0,0
17.2,26.0,24.1,0.0,0
30.3,51.0,11.5,0.0,0
21.3,95.0,5.0,0.2,0
-9.7,75.0,5.4,0.0,0
12.5,68.0,11.9,0.0,0
26.3,57.0,11.5,0.1,0
12.2,22.0,5.8,0.0,0
13.2,22.0,4.7,0.0,0
21.0,18.0,20.2,0.0,0
-5.9,77.0,12.2,0.0,0
