X,Y,month,day,FFMC,DMC,DC,ISI,temp,RH,wind,rain,area,log(area+1),sin(area)
7,5,mar,fri,86.2,26.2,94.3,5.1,8.2,51,6.7,0.0,0.0076100917184779935,0.007581281046080948,0.0076100182641880235
7,4,oct,tue,90.6,35.4,669.1,6.7,18.0,33,0.9,0.0,0.0015998792194387714,0.0015986007760686665,0.0015998785369267796
7,4,oct,sat,90.6,43.7,686.9,6.7,14.6,33,1.3,0.0,0.004798113929855987,0.004786639669780795,0.00479809551959617
8,6,mar,fri,91.7,33.3,77.5,9.0,8.3,97,4.0,0.2,0.006451597867231602,0.0064308753906807915,0.006451553111391376
8,6,mar,sun,89.3,51.3,102.2,9.6,11.4,99,1.8,0.0,0.007522279867524221,0.007494128606620889,0.00752220892674034
8,6,aug,sun,92.3,85.3,488.0,14.7,22.2,29,5.4,0.0,0.0031433640818332165,0.0031384340415304525,0.003143358905376416
8,6,aug,mon,92.3,88.9,495.6,8.5,24.1,27,3.1,0.0,0.008673997041112198,0.00863659406204264,0.008673888272165017
8,6,aug,mon,91.5,145.4,608.2,10.7,8.0,86,2.2,0.0,0.0076754482283947845,0.00764614183989314,0.007675372865302439
8,6,sep,tue,91.0,129.5,692.6,7.0,13.1,63,5.4,0.0,0.0014830078170462793,0.0014819092469447782,0.001483007273446812
7,5,sep,sat,92.5,88.0,698.6,7.1,22.8,40,4.0,0.0,0.0024733881080899,0.0024703343181584933,0.002473385586204067
7,5,sep,sat,92.5,88.0,698.6,7.1,17.8,51,7.2,0.0,0.008132601528382891,0.008099710132648633,0.008132511881375854
7,5,sep,sat,92.8,73.2,713.0,22.6,19.3,38,4.0,0.0,0.004539968341818112,0.004529693771292326,0.004539952746049778
6,5,aug,fri,63.5,70.8,665.3,0.8,17.0,72,6.7,0.0,0.0003903546256367567,0.00039027845709105303,0.00039035461572326294
6,5,sep,mon,90.9,126.5,686.5,7.0,21.3,42,2.2,0.0,0.0019588680383256004,0.0019569519581538832,0.0019588667855761905
6,5,sep,wed,92.9,133.3,699.6,9.2,26.4,21,4.5,0.0,0.0038133924577089494,0.00380613990872031,0.003813383215347611
6,5,sep,fri,93.3,141.2,713.9,13.9,22.9,44,5.4,0.0,0.00649053350744625,0.006469560695750031,0.006490487936397455
5,5,mar,sat,91.7,35.8,80.8,7.8,15.1,27,5.4,0.0,0.0026646915106844343,0.0026611475146356843,0.002664688357209303
8,5,oct,mon,84.9,32.8,664.2,3.0,16.7,47,4.9,0.0,0.0017054937465430225,0.0017040410435659958,0.001705492919745664
6,4,mar,wed,89.2,27.9,70.8,6.3,15.9,35,4.0,0.0,0.007928631451326029,0.007897365010966656,0.007928548381734062
6,4,apr,sat,86.3,27.4,97.1,5.1,9.3,44,4.5,0.0,0.00505621140937489,0.005043471697538768,0.0050561898654975694
6,4,sep,tue,91.0,129.5,692.6,7.0,18.3,40,2.7,0.0,0.008359437553943794,0.008324690962844094,0.00835934019442788
5,4,sep,mon,91.8,78.5,724.3,9.2,19.1,38,2.7,0.0,0.003361397195174661,0.003355760327923957,0.0033613908651120698
7,4,jun,sun,94.3,96.3,200.0,56.1,21.0,44,4.5,0.0,0.002467831360430788,0.0024647912652199077,0.002467828855503904
7,4,aug,sat,90.2,110.9,537.4,6.2,19.5,43,5.8,0.0,0.006596714030361573,0.0065750509303571575,0.006596666185998467
7,4,aug,sat,93.5,139.4,594.2,20.3,23.7,32,5.8,0.0,0.003232255502968087,0.0032270429942362574,0.0032322498748192574
7,4,aug,sun,91.4,142.4,601.4,10.6,16.3,60,5.4,0.0,0.009692077987281346,0.009645411089942288,0.009691926248214165
7,4,sep,fri,92.4,117.9,668.0,12.2,19.0,34,5.8,0.0,0.004866775558800461,0.004854971090934959,0.00486675634681761
7,4,sep,mon,90.9,126.5,686.5,7.0,19.4,48,1.3,0.0,0.00450957766443689,0.0044994399854222464,0.004509562379772037
6,3,sep,sat,93.4,145.4,721.4,8.1,30.2,24,2.7,0.0,0.005755728514199292,0.005739227595098646,0.005755696734562222
6,3,sep,sun,93.5,149.3,728.6,8.1,22.8,39,3.6,0.0,0.005617203459794566,0.005601485804482143,0.005617173919928053
6,3,sep,fri,94.3,85.1,692.3,15.9,25.4,24,3.6,0.0,0.008905954965795626,0.008866530848909203,0.00890583723542493
6,3,sep,mon,88.6,91.8,709.9,7.1,11.2,78,7.6,0.0,0.007161425287007578,0.007135904054099463,0.007161364073673845
6,3,sep,fri,88.6,69.7,706.8,5.8,20.6,37,1.8,0.0,0.0021855735008561392,0.0021831886093640327,0.00218557176087358
6,3,sep,sun,91.7,75.6,718.3,7.8,17.7,39,3.6,0.0,0.005188056790913642,0.005174645191042582,0.005188033517379903
6,3,sep,mon,91.8,78.5,724.3,9.2,21.2,32,2.7,0.0,0.008109115580971724,0.008076413374910857,0.008109026708390638
6,3,sep,tue,90.3,80.7,730.2,6.3,18.2,62,4.5,0.0,0.006694477245284816,0.006672168739667366,0.0066944272420862766
6,3,oct,tue,90.6,35.4,669.1,6.7,21.7,24,4.5,0.0,0.004527381507942017,0.0045171637444844474,0.004527366041529748
7,4,oct,fri,90.0,41.5,682.6,8.7,11.3,60,5.4,0.0,0.006100726190766242,0.006082192103467704,0.0061006883471576125
7,3,oct,sat,90.6,43.7,686.9,6.7,17.8,27,4.0,0.0,0.0004568249262017123,0.0004567206134624352,0.0004568249103126553
4,4,mar,tue,88.1,25.7,67.6,3.8,14.1,43,2.7,0.0,0.008936372685538329,0.008896679606647135,0.008936253744744462
4,4,jul,tue,79.5,60.6,366.7,1.5,23.3,37,3.1,0.0,0.0008838153661936861,0.0008834250313652295,0.0008838152511312998
4,4,aug,sat,90.2,96.9,624.2,8.9,18.4,42,6.7,0.0,0.004615100023995291,0.00460448310278314,0.004615083641062819
4,4,aug,tue,94.8,108.3,647.1,17.0,16.6,54,5.4,0.0,0.0004367884506502485,0.00043669308634323577,0.0004367884367615297
4,4,sep,sat,92.5,88.0,698.6,7.1,19.6,48,2.7,0.0,0.005278446040028502,0.005264563873147944,0.005278421528725233
4,4,sep,wed,90.1,82.9,735.7,6.2,12.9,74,4.9,0.0,0.00899967321940583,0.008959417505617436,0.008999551733131949
5,6,sep,wed,94.3,85.1,692.3,15.9,25.9,24,4.0,0.0,0.00498792886179269,0.004975530356112075,0.004987908179010326
5,6,sep,mon,90.9,126.5,686.5,7.0,14.7,70,3.6,0.0,0.00901698300565784,0.008976572751783683,0.009016860817044127
6,6,jul,mon,94.2,62.3,442.9,11.0,23.0,36,3.1,0.0,0.00897626705651167,0.008936219842624545,0.008976146515649092
4,4,mar,mon,87.2,23.9,64.7,4.1,11.8,35,1.8,0.0,0.0067093490329960745,0.006686941521478427,0.006709298695810719
4,4,mar,mon,87.6,52.2,103.8,5.0,11.0,46,5.8,0.0,0.002706990396468429,0.002703333096662098,0.0027069870904236197
4,4,sep,thu,92.9,137.0,706.4,9.2,20.8,17,1.3,0.0,0.0021928774993633282,0.0021904766527008706,0.0021928757418777927
4,3,aug,sun,90.2,99.6,631.2,6.3,21.5,34,2.2,0.0,0.0007947381189724826,0.0007944224818551922,0.0007947380353119032
4,3,aug,wed,92.1,111.2,654.1,9.6,20.4,42,4.9,0.0,0.006216582331017425,0.006197339093347089,0.006216542290195882
4,3,aug,wed,92.1,111.2,654.1,9.6,20.4,42,4.9,0.0,0.006206350579164426,0.00618717050334978,0.006206310735724632
4,3,aug,thu,91.7,114.3,661.3,6.3,17.6,45,3.6,0.0,0.00956262561564676,0.009517193117656761,0.009562479875828589
4,3,sep,thu,92.9,137.0,706.4,9.2,27.7,24,2.2,0.0,0.005209077279958568,0.005195556968809749,0.005209053722384681
4,3,sep,tue,90.3,80.7,730.2,6.3,17.8,63,4.9,0.0,0.002910489976369859,0.0029062627007278947,0.0029104858672681657
4,3,oct,sun,92.6,46.5,691.8,8.8,13.8,50,2.7,0.0,0.009157783911041543,0.009116105668278474,0.00915765590864427
2,2,feb,mon,84.0,9.3,34.0,2.1,13.9,40,5.4,0.0,0.00306405004573462,0.003059365411256814,0.003064045251314259
2,2,feb,fri,86.6,13.2,43.0,5.3,12.3,51,0.9,0.0,0.00730995819417392,0.0072833699438148315,0.007309893092482988
2,2,mar,sun,89.3,51.3,102.2,9.6,11.5,39,5.8,0.0,0.004454290844535318,0.004444399851767166,0.00445427611517006
2,2,mar,sun,89.3,51.3,102.2,9.6,5.5,59,6.3,0.0,0.004899810140204608,0.00488784513873949,0.004899790534340654
2,2,aug,thu,93.0,75.3,466.6,7.7,18.8,35,4.9,0.0,0.002935853876820405,0.0029315526742392573,0.0029358496593516795
2,2,aug,sun,90.2,99.6,631.2,6.3,20.8,33,2.7,0.0,0.005383552044824573,0.005369112529254165,0.00538352603994374
2,2,aug,mon,91.1,103.2,638.8,5.8,23.1,31,3.1,0.0,0.0023404474243495076,0.002337712843207626,0.0023404452876409003
2,2,aug,thu,91.7,114.3,661.3,6.3,18.6,44,4.5,0.0,0.007273069659449485,0.0072467484353252705,0.007273005538367452
2,2,sep,fri,92.4,117.9,668.0,12.2,23.0,37,4.5,0.0,0.003165944177370865,0.0031609431286842345,0.0031659388885568983
2,2,sep,fri,92.4,117.9,668.0,12.2,19.6,33,5.4,0.0,0.009451084812638521,0.009406702730647016,0.009450944113385606
2,2,sep,fri,92.4,117.9,668.0,12.2,19.6,33,6.3,0.0,0.0009178923112118652,0.0009174713056698447,0.0009178921823204693
4,5,mar,fri,91.7,33.3,77.5,9.0,17.2,26,4.5,0.0,0.00901172572598308,0.008971362439708365,0.00901160375096748
4,5,mar,fri,91.2,48.3,97.8,12.5,15.8,27,7.6,0.0,0.0014434762011734867,0.0014424353908713346,0.001443475699896706
4,5,sep,fri,94.3,85.1,692.3,15.9,17.7,37,3.6,0.0,0.0041281629970564716,0.004119665510171142,0.00412815127189345
5,4,mar,fri,91.7,33.3,77.5,9.0,15.6,25,6.3,0.0,0.0012300886953977488,0.0012293327561498626,0.0012300883851861738
5,4,aug,tue,88.8,147.3,614.5,9.0,17.3,43,4.5,0.0,0.0006267418010806863,0.0006265454804619088,0.0006267417600494384
5,4,sep,fri,93.3,141.2,713.9,13.9,27.6,30,1.3,0.0,0.000558175984959405,0.0005580202626884978,0.0005581759559751471
9,9,feb,thu,84.2,6.8,26.6,7.7,6.7,79,3.1,0.0,0.0004563108346536652,0.00045620675652478755,0.00045631081881819047
9,9,feb,fri,86.6,13.2,43.0,5.3,15.7,43,3.1,0.0,0.009076014675913287,0.009035075179907651,0.009075890071756878
1,3,mar,mon,87.6,52.2,103.8,5.0,8.3,72,3.1,0.0,0.0042785920218385435,0.0042694648719661605,0.00427857896761687
1,2,aug,fri,90.1,108.0,529.8,12.5,14.7,66,2.7,0.0,0.004716010129407304,0.004704924592975409,0.004715992648158485
1,2,aug,tue,91.0,121.2,561.6,7.0,21.6,19,6.7,0.0,0.00934887755883134,0.009305447276119925,0.009348741375088059
1,2,aug,sun,91.4,142.4,601.4,10.6,19.5,39,6.3,0.0,0.008620164660002958,0.008583223183224832,0.008620057903627333
1,2,aug,sun,90.2,99.6,631.2,6.3,17.9,44,2.2,0.0,0.005331535445528435,0.00531737312606219,0.005331510187175058
1,2,aug,tue,94.8,108.3,647.1,17.0,18.6,51,4.5,0.0,0.006635697251442179,0.00661377792567767,0.0066356485538505055
1,2,aug,wed,92.1,111.2,654.1,9.6,16.6,47,0.9,0.0,0.002054404758177489,0.0020522973545353254,0.0020544033130482277
1,2,aug,thu,91.7,114.3,661.3,6.3,20.2,45,3.6,0.0,0.0011257733718251367,0.0011251401641703663,0.0011257731340307284
1,2,sep,thu,92.9,137.0,706.4,9.2,21.5,15,0.9,0.0,0.008489208000874462,0.00845337731458977,0.0084891060364414
1,2,sep,thu,92.9,137.0,706.4,9.2,25.4,27,2.2,0.0,0.002526135741501533,0.0025229504238448238,0.0025261330548047097
1,2,sep,thu,92.9,137.0,706.4,9.2,22.4,34,2.2,0.0,0.003454783008800132,0.0034488289553488223,0.0034547761363623707
1,2,sep,sun,93.5,149.3,728.6,8.1,25.3,36,3.6,0.0,0.00800593159404896,0.007974054149768973,0.008005846071037928
6,5,mar,sat,91.7,35.8,80.8,7.8,17.4,25,4.9,0.0,0.00799376845777681,0.007961987544528898,0.007993683323969544
6,5,aug,sat,90.2,96.9,624.2,8.9,14.7,59,5.8,0.0,0.009933277259318843,0.00988426655148383,0.009933113907384996
8,6,mar,fri,91.7,35.8,80.8,7.8,17.4,24,5.4,0.0,0.0018872842504517665,0.0018855055670999189,0.0018872831300839642
8,6,aug,sun,92.3,85.3,488.0,14.7,20.8,32,6.3,0.0,0.0012854537331939316,0.001284628244886086,0.0012854533791818664
8,6,aug,sun,91.4,142.4,601.4,10.6,18.2,43,4.9,0.0,8.218998050638776e-05,8.218660309496357e-05,8.21899804138529e-05
8,6,aug,mon,91.1,103.2,638.8,5.8,23.4,22,2.7,0.0,0.0031148125401274647,0.0031099715614365093,0.0031148075034483566
4,4,sep,sun,89.7,90.0,704.4,4.8,17.8,64,1.3,0.0,0.0030090644105917365,0.0030045462376580424,0.003009059869680575
3,4,feb,sat,83.9,8.0,30.2,2.6,12.7,48,1.8,0.0,0.00730254084368745,0.007276006393265971,0.007302475939969494
3,4,mar,sat,69.0,2.4,15.5,0.7,17.4,24,5.4,0.0,0.008451885548650916,0.008416368348539868,0.008451784923158023
3,4,aug,sun,91.4,142.4,601.4,10.6,11.6,87,4.5,0.0,0.009890643831933284,0.009842051557447292,0.009890482574287877
3,4,aug,sun,91.4,142.4,601.4,10.6,19.8,39,5.4,0.0,0.007940481158016613,0.007909121435643799,0.007940397715414452
3,4,aug,sun,91.4,142.4,601.4,10.6,19.8,39,5.4,0.0,0.009486950908812668,0.009442232395791074,0.009486808601651521
3,4,aug,tue,88.8,147.3,614.5,9.0,14.4,66,5.4,0.0,0.00588411451146291,0.005866870719570495,0.0058840805574315235
2,4,aug,tue,94.8,108.3,647.1,17.0,20.1,40,4.0,0.0,0.00914297165454298,0.009101427720546566,0.00914284427225229
2,4,sep,sat,92.5,121.1,674.4,8.6,24.1,29,4.5,0.0,0.009876858495173543,0.009828401138036152,0.009876697910857454
2,4,jan,sat,82.1,3.7,9.3,2.9,5.3,78,3.1,0.0,0.006279874398927327,0.006260238153585646,0.0062798331226267545
4,5,mar,fri,85.9,19.5,57.3,2.8,12.7,52,6.3,0.0,0.00776696033070258,0.007736952772502492,0.007766882239753558
4,5,mar,thu,91.4,30.7,74.3,7.5,18.2,29,3.1,0.0,0.00023901986967420248,0.0002389913089761379,0.00023901986739831513
4,5,aug,sun,90.2,99.6,631.2,6.3,21.4,33,3.1,0.0,0.0013090546040780745,0.0013081985391090079,0.0013090542302068848
4,5,sep,sat,92.5,88.0,698.6,7.1,20.3,45,3.1,0.0,0.006993605071523535,0.00696926324111052,0.0069935480615289465
4,5,sep,mon,88.6,91.8,709.9,7.1,17.4,56,5.4,0.0,0.009002171436351762,0.008961893436898268,0.009002049848880037
4,4,mar,fri,85.9,19.5,57.3,2.8,13.7,43,5.8,0.0,0.008563506261698826,0.00852704743766849,0.0085634015965691
3,4,mar,fri,91.7,33.3,77.5,9.0,18.8,18,4.5,0.0,0.008997255992172808,0.008957021835735036,0.00899713460376257
3,4,sep,sun,89.7,90.0,704.4,4.8,22.8,39,3.6,0.0,0.003420281304103107,0.0034144454450706686,0.0034202746355137498
3,4,sep,mon,91.8,78.5,724.3,9.2,18.9,35,2.7,0.0,0.0017254976299035801,0.0017240106691205571,0.0017254967736709266
3,4,mar,tue,88.1,25.7,67.6,3.8,15.8,27,7.6,0.0,0.0013201065401911,0.001319235965635591,0.001320106156770308
3,5,mar,tue,88.1,25.7,67.6,3.8,15.5,27,6.3,0.0,0.0008776402137952635,0.0008772553128094851,0.0008776401011278623
3,4,mar,sat,91.7,35.8,80.8,7.8,11.6,30,6.3,0.0,0.006680384901111258,0.006658170011026435,0.006680335213028697
3,4,mar,sat,91.7,35.8,80.8,7.8,15.2,27,4.9,0.0,0.008151956646622644,0.008118908928931443,0.008151866358028533
3,4,mar,mon,90.1,39.7,86.6,6.2,10.6,30,4.0,0.0,0.004432199489798547,0.004422406220126917,0.004432184978501866
3,4,aug,thu,93.0,75.3,466.6,7.7,19.6,36,3.1,0.0,0.002884056190955641,0.0028799052799577795,0.0028840521927997655
3,4,aug,mon,91.5,145.4,608.2,10.7,10.3,74,2.2,0.0,0.004458104966952863,0.004448197053103981,0.004458090199717817
3,4,aug,mon,91.5,145.4,608.2,10.7,17.1,43,5.4,0.0,0.0063328827333648426,0.006312914292362816,0.006332840402979944
3,4,sep,sun,92.4,124.1,680.7,8.5,22.5,42,5.4,0.0,0.000967516676857452,0.0009670489342723173,0.0009675165259105834
3,4,sep,tue,84.4,73.4,671.9,3.2,17.9,45,3.1,0.0,0.0020562044055559264,0.0020540933106768925,0.002056202956625562
3,4,sep,fri,94.3,85.1,692.3,15.9,19.8,50,5.4,0.0,0.002443720516375749,0.0024407394869420465,0.0024437180841536794
3,4,oct,sun,92.6,46.5,691.8,8.8,20.6,24,5.4,0.0,0.0008614803139391589,0.000861109452751206,0.0008614802073814667
3,5,mar,mon,87.6,52.2,103.8,5.0,9.0,49,2.2,0.0,0.0010785984518297386,0.0010780171824529236,0.0010785982426940734
3,5,sep,fri,93.5,149.3,728.6,8.1,17.2,43,3.1,0.0,0.006638076787319629,0.006616141772967726,0.006638028037320929
3,5,oct,wed,91.4,37.9,673.8,5.2,15.9,46,3.6,0.0,0.005445610416910555,0.0054308366908727155,0.005445583502317932
2,5,oct,sun,92.6,46.5,691.8,8.8,15.4,35,0.9,0.0,0.007523819495920228,0.007495656738802453,0.007523748511567935
4,6,feb,sat,68.2,21.5,87.2,0.8,15.4,40,2.7,0.0,0.0001948899729132501,0.00019487098432948227,0.00019488997167952833
4,6,mar,mon,87.2,23.9,64.7,4.1,14.0,39,3.1,0.0,0.0069220784177872075,0.006898230819691091,0.006922023139159387
4,6,mar,sun,89.3,51.3,102.2,9.6,10.6,46,4.9,0.0,0.0004767754385114429,0.000476661817215289,0.0004767754204484227
4,6,sep,thu,93.7,80.9,685.2,17.9,17.6,42,3.1,0.0,0.006500335960968703,0.006479299888978574,0.006500290183134544
3,5,mar,tue,88.1,25.7,67.6,3.8,14.9,38,2.7,0.0,0.0057564787491631965,0.005739973536347446,0.005756446957097495
3,5,aug,sat,93.5,139.4,594.2,20.3,17.6,52,5.8,0.0,0.007279839033218808,0.0072534689078828565,0.007279774732929254
3,6,sep,sun,92.4,124.1,680.7,8.5,17.2,58,1.3,0.0,0.001280870814539278,0.0012800511993236972,0.0012808704643001167
3,6,sep,mon,90.9,126.5,686.5,7.0,15.6,66,3.1,0.0,0.003851709324998185,0.003844310485336806,0.0038516998012272227
9,9,jul,tue,85.8,48.3,313.4,3.9,18.0,42,2.7,0.0,0.36,0.30748469974796055,0.35227423327508994
1,4,sep,tue,91.0,129.5,692.6,7.0,21.7,38,2.2,0.0,0.43,0.3576744442718159,0.41687080242921076
2,5,sep,mon,90.9,126.5,686.5,7.0,21.9,39,1.8,0.0,0.47,0.3852624007906449,0.4528862853790683
1,2,aug,wed,95.5,99.9,513.3,13.2,23.3,31,4.5,0.0,0.55,0.4382549309311553,0.5226872289306592
8,6,aug,fri,90.1,108.0,529.8,12.5,21.2,51,8.9,0.0,0.61,0.47623417899637155,0.5728674601004813
1,2,jul,sat,90.0,51.3,296.3,8.7,16.6,53,5.4,0.0,0.71,0.5364933705145685,0.6518337710215366
2,5,aug,wed,95.5,99.9,513.3,13.2,23.8,32,5.4,0.0,0.77,0.5709795465857378,0.6961352386273567
6,5,aug,thu,95.2,131.7,578.8,10.4,27.4,22,4.0,0.0,0.9,0.6418538861723947,0.7833269096274833
5,4,mar,mon,90.1,39.7,86.6,6.2,13.2,40,5.4,0.0,0.95,0.6678293725756554,0.8134155047893737
8,3,sep,tue,84.4,73.4,671.9,3.2,24.2,28,3.6,0.0,0.96,0.6729444732424258,0.8191915683009983
2,2,aug,tue,94.8,108.3,647.1,17.0,17.4,43,6.7,0.0,1.07,0.7275486072772779,0.8772005042746817
8,6,sep,thu,93.7,80.9,685.2,17.9,23.7,25,4.5,0.0,1.12,0.7514160886839212,0.9001004421765051
6,5,jun,fri,92.5,56.4,433.3,7.1,23.2,39,5.4,0.0,1.19,0.7839015438284094,0.9283689672491666
9,9,jul,sun,90.1,68.6,355.2,7.2,24.8,29,2.2,0.0,1.36,0.8586616190375188,0.9778646024353163
3,4,jul,sat,90.1,51.2,424.1,6.2,24.6,43,1.8,0.0,1.43,0.887891257352457,0.9901045603371778
5,4,sep,fri,94.3,85.1,692.3,15.9,20.1,47,4.9,0.0,1.46,0.9001613499442714,0.9938683634116449
1,5,sep,sat,93.4,145.4,721.4,8.1,29.6,27,2.7,0.0,1.46,0.9001613499442714,0.9938683634116449
7,4,aug,sun,94.8,108.3,647.1,17.0,16.4,47,1.3,0.0,1.56,0.9400072584914712,0.9999417202299663
2,4,sep,sat,93.4,145.4,721.4,8.1,28.6,27,2.2,0.0,1.61,0.9593502213346021,0.9992316344213905
2,2,aug,wed,92.1,111.2,654.1,9.6,18.4,45,3.6,0.0,1.63,0.9669838461896731,0.9982479743776325
2,4,aug,wed,92.1,111.2,654.1,9.6,20.5,35,4.0,0.0,1.64,0.9707789171582246,0.9976063813191737
7,4,sep,fri,92.4,117.9,668.0,12.2,19.0,34,5.8,0.0,1.69,0.9895411936137477,0.9929036510941185
7,4,mar,mon,90.1,39.7,86.6,6.2,16.1,29,3.1,0.0,1.75,1.0116009116784799,0.9839859468739369
6,4,aug,thu,95.2,131.7,578.8,10.4,20.3,41,4.0,0.0,1.9,1.0647107369924282,0.9463000876874145
6,3,mar,sat,90.6,50.1,100.4,7.8,15.2,31,8.5,0.0,1.94,1.0784095813505903,0.9326150140222005
8,6,sep,sat,92.5,121.1,674.4,8.6,17.8,56,1.8,0.0,1.95,1.0818051703517284,0.9289597150038693
8,5,sep,sun,89.7,90.0,704.4,4.8,17.8,67,2.2,0.0,2.01,1.1019400787607843,0.905090563325201
6,5,mar,thu,84.9,18.2,55.0,3.0,5.3,70,4.5,0.0,2.14,1.144222799920162,0.8423304316366457
6,5,aug,wed,92.1,111.2,654.1,9.6,16.6,47,0.9,0.0,2.29,1.1908875647772805,0.7523305763941708
6,5,aug,wed,96.0,127.1,570.5,16.5,23.4,33,4.5,0.0,2.51,1.2556160374777743,0.590430918113913
6,5,mar,fri,91.2,48.3,97.8,12.5,14.6,26,9.4,0.0,2.53,1.2612978709452054,0.5741721483545726
8,6,aug,thu,95.2,131.7,578.8,10.4,20.7,45,2.2,0.0,2.55,1.2669476034873244,0.557683717391417
5,4,sep,wed,92.9,133.3,699.6,9.2,21.9,35,1.8,0.0,2.57,1.2725655957915476,0.5409722203769886
8,6,aug,wed,85.6,90.4,609.6,6.6,17.4,50,4.0,0.0,2.69,1.3056264580524357,0.4363990821601263
7,4,aug,sun,91.4,142.4,601.4,10.6,20.1,39,5.4,0.0,2.74,1.3190856114264407,0.3908847788984522
4,4,sep,mon,90.9,126.5,686.5,7.0,17.7,39,2.2,0.0,3.07,1.4036429994545037,0.0715315111408437
1,4,aug,sat,90.2,96.9,624.2,8.9,14.2,53,1.8,0.0,3.5,1.5040773967762742,-0.35078322768961984
1,4,aug,sat,90.2,96.9,624.2,8.9,20.3,39,4.9,0.0,4.53,1.7101878155342434,-0.9834131875473108
6,5,apr,thu,81.5,9.1,55.2,2.7,5.8,54,5.8,0.0,4.61,1.724550719534605,-0.9947628260746756
2,5,aug,sun,90.2,99.6,631.2,6.3,19.2,44,2.7,0.0,4.69,1.7387102481382397,-0.999749377247994
2,5,sep,wed,90.1,82.9,735.7,6.2,18.3,45,2.2,0.0,4.88,1.7715567619105355,-0.9859861273616704
8,6,aug,tue,88.8,147.3,614.5,9.0,14.4,66,5.4,0.0,5.23,1.8293763327993617,-0.8690037390319161
1,3,sep,sun,92.4,124.1,680.7,8.5,23.9,32,6.7,0.0,5.33,1.8453002361560848,-0.8152642144499636
8,6,oct,mon,84.9,32.8,664.2,3.0,19.1,32,4.0,0.0,5.44,1.8625285401162623,-0.7467654128678123
5,4,feb,sun,86.8,15.6,48.3,3.9,12.4,53,2.2,0.0,6.38,1.998773638612381,0.09666352163141723
7,4,oct,mon,91.7,48.5,696.1,11.1,16.8,45,4.5,0.0,6.83,2.057962510002712,0.5199690294042587
8,6,aug,fri,93.9,135.7,586.7,15.1,20.8,34,4.9,0.0,6.96,2.0744289998562917,0.6263130303216559
2,5,sep,tue,91.0,129.5,692.6,7.0,17.6,46,3.1,0.0,7.04,2.0844290831908747,0.6866091287076385
8,6,mar,sun,89.3,51.3,102.2,9.6,11.5,39,5.8,0.0,7.19,2.1029138978649784,0.7875447690327109
1,5,sep,mon,90.9,126.5,686.5,7.0,21.0,42,2.2,0.0,7.3,2.1162555148025524,0.8504366206285644
6,4,mar,sat,90.8,41.9,89.4,7.9,13.3,42,0.9,0.0,7.4,2.128231705849268,0.8987080958116269
7,4,mar,sun,90.7,44.0,92.4,5.5,11.5,60,4.0,0.0,8.24,2.2235418856535927,0.9264154954967662
6,5,mar,fri,91.2,48.3,97.8,12.5,11.7,33,4.0,0.0,8.31,2.231089091288976,0.8978130289865844
2,5,aug,thu,95.2,131.7,578.8,10.4,24.2,28,2.7,0.0,8.68,2.2700619012884857,0.6778085753922867
2,2,aug,tue,94.8,108.3,647.1,17.0,24.6,22,4.5,0.0,8.71,2.2731562823032334,0.6554497402147573
4,5,sep,wed,92.9,133.3,699.6,9.2,24.3,25,4.0,0.0,9.41,2.3427668826268775,0.014777422886730236
2,2,aug,tue,94.8,108.3,647.1,17.0,24.6,22,4.5,0.0,10.01,2.3988039507345884,-0.5523844855067088
2,5,aug,fri,93.9,135.7,586.7,15.1,23.5,36,5.4,0.0,10.02,2.3997118037247684,-0.5606926221358159
6,5,apr,thu,81.5,9.1,55.2,2.7,5.8,54,5.8,0.0,10.93,2.4790562361098245,-0.9978507767068782
4,5,sep,thu,92.9,137.0,706.4,9.2,21.5,15,0.9,0.0,11.06,2.4898941912990393,-0.997925381525997
3,4,sep,tue,91.0,129.5,692.6,7.0,13.9,59,6.3,0.0,11.24,2.50470927708418,-0.9702764620672901
2,4,sep,mon,63.5,70.8,665.3,0.8,22.6,38,3.6,0.0,11.32,2.511223958105374,-0.9478339451990765
1,5,sep,tue,91.0,129.5,692.6,7.0,21.6,33,2.2,0.0,11.53,2.528125768907977,-0.8605612827664006
6,5,mar,sun,90.1,37.6,83.7,7.2,12.4,54,3.6,0.0,12.1,2.5726122302071057,-0.44964746453460147
7,4,feb,sun,83.9,8.7,32.1,2.1,8.8,68,2.2,0.0,13.05,2.642622395779755,0.46499537373422123
8,6,oct,wed,91.4,37.9,673.8,5.2,20.2,37,2.7,0.0,13.7,2.6878474937846906,0.9059547423084618
5,6,mar,sat,90.6,50.1,100.4,7.8,15.1,64,4.0,0.0,13.99,2.7073833121145063,0.9891904763471814
4,5,sep,thu,92.9,137.0,706.4,9.2,22.1,34,1.8,0.0,14.57,2.745345985845907,0.9077810839621047
2,2,aug,sat,93.5,139.4,594.2,20.3,22.9,31,7.2,0.0,15.45,2.800325477211381,0.2551117425901744
7,5,sep,tue,91.0,129.5,692.6,7.0,20.7,37,2.2,0.0,17.2,2.9014215940827497,-0.9969000660415961
6,5,sep,fri,92.4,117.9,668.0,12.2,19.6,33,6.3,0.0,19.23,3.007166651179654,0.3713328327879928
8,3,sep,thu,93.7,80.9,685.2,17.9,23.2,26,4.9,0.0,23.41,3.1949928844048685,-0.9884785655243385
4,4,oct,sat,90.6,43.7,686.9,6.7,18.4,25,3.1,0.0,24.23,3.2280337626529665,-0.7850279395015584
7,4,aug,sat,93.5,139.4,594.2,20.3,5.1,96,5.8,0.0,26.0,3.295836866004329,0.7625584504796028
7,4,sep,fri,94.3,85.1,692.3,15.9,20.1,47,4.9,0.0,26.13,3.3006401266708405,0.8399867329199562
7,3,mar,mon,87.6,52.2,103.8,5.0,11.0,46,5.8,0.0,27.35,3.3446270301737613,0.7982196933797878
4,4,mar,sat,91.7,35.8,80.8,7.8,17.0,27,4.9,0.0,28.66,3.389799336709786,-0.37617641021444786
4,4,mar,sat,91.7,35.8,80.8,7.8,17.0,27,4.9,0.0,28.66,3.389799336709786,-0.37617641021444786
4,4,sep,sun,92.4,124.1,680.7,8.5,16.9,60,1.3,0.0,29.48,3.4170707308184456,-0.9340772751985826
1,3,sep,mon,88.6,91.8,709.9,7.1,12.4,73,6.3,0.0,30.32,3.4442568711226023,-0.8893522637132738
4,5,sep,wed,92.9,133.3,699.6,9.2,19.4,19,1.3,0.0,31.72,3.487986511734546,0.2994092729968745
6,5,mar,mon,90.1,39.7,86.6,6.2,15.2,27,3.1,0.0,31.86,3.492256112609122,0.42962139446990827
8,6,aug,sun,90.2,99.6,631.2,6.3,16.2,59,3.1,0.0,32.07,3.4986265269937014,0.6084241945883054
3,4,sep,fri,93.3,141.2,713.9,13.9,18.6,49,3.6,0.0,35.88,3.607669398688393,-0.9693277948174411
4,3,mar,mon,87.6,52.2,103.8,5.0,11.0,46,5.8,0.0,36.85,3.6336309798834576,-0.7506939403041105
2,2,jul,fri,88.3,150.3,309.9,6.8,13.4,79,3.6,0.0,37.02,3.6381123370602833,-0.6281021695132741
7,4,sep,wed,90.1,82.9,735.7,6.2,15.4,57,4.5,0.0,37.71,3.6560979645895566,0.010887941788364445
4,4,sep,sun,93.5,149.3,728.6,8.1,22.9,39,4.9,0.0,48.55,3.902982260775997,-0.9895512088777493
7,5,oct,mon,91.7,48.5,696.1,11.1,16.1,44,4.0,0.0,49.37,3.9193957597575593,-0.7805107765606518
8,6,aug,sat,92.2,81.8,480.8,11.9,20.1,34,4.5,0.0,58.3,4.08260930600368,0.9837476080276871
4,6,sep,sun,93.5,149.3,728.6,8.1,28.3,26,3.1,0.0,64.1,4.175924549214524,0.9545501863215905
8,6,aug,sat,92.2,81.8,480.8,11.9,16.4,43,4.0,0.0,71.3,4.280824129164719,0.8172547529159184
4,4,sep,wed,92.9,133.3,699.6,9.2,26.4,21,4.5,0.0,88.49,4.494126887194767,0.5015640248944776
1,5,sep,sun,93.5,149.3,728.6,8.1,27.8,27,3.1,0.0,95.18,4.566221435849517,0.8029453897184509
6,4,sep,tue,91.0,129.5,692.6,7.0,18.7,43,2.7,0.0,103.39,4.648133885420207,0.2788127071225736
9,4,sep,tue,84.4,73.4,671.9,3.2,24.3,36,3.1,0.0,105.66,4.669646205172456,-0.9144513881109183
4,5,sep,sat,92.5,121.1,674.4,8.6,17.7,25,3.1,0.0,154.88,5.049086480470509,-0.808712517802523
8,6,aug,sun,91.4,142.4,601.4,10.6,19.6,41,5.8,0.0,196.48,5.285637313390662,0.9915022675974059
2,2,sep,sat,92.5,121.1,674.4,8.6,18.2,46,1.8,0.0,200.94,5.307970623576175,-0.12162793481939826
1,2,sep,tue,91.0,129.5,692.6,7.0,18.8,40,2.2,0.0,212.88,5.365415110080531,-0.680394230039072
6,5,sep,sat,92.5,121.1,674.4,8.6,25.1,27,4.0,0.0,1090.84,6.995619625423205,-0.6498212208828889
7,5,apr,sun,81.9,3.0,7.9,3.5,13.4,75,1.8,0.0,0.003151643844585605,0.003146687825465159,0.0031516386271159156
6,3,apr,wed,88.0,17.2,43.5,3.8,15.2,51,2.7,0.0,0.007756257884150372,0.007726332754379451,0.007756180115571258
4,4,apr,fri,83.0,23.3,85.3,2.3,16.7,20,3.1,0.0,0.003936939173373002,0.00392920970865877,0.0039369290032892894
2,4,aug,sun,94.2,122.3,589.9,12.9,15.4,66,4.0,0.0,10.13,2.4096441652874536,-0.6482029212027092
7,4,aug,sun,91.8,175.1,700.7,13.8,21.9,73,7.6,1.0,0.001230908413266913,0.0012301514665969794,0.0012309081024347599
2,4,aug,sun,91.8,175.1,700.7,13.8,22.4,54,7.6,0.0,2.87,1.3532545070416904,0.2682660509296179
3,4,aug,sun,91.8,175.1,700.7,13.8,26.8,38,6.3,0.0,0.76,0.5653138090500605,0.6889214451105513
5,4,aug,sun,91.8,175.1,700.7,13.8,25.7,39,5.4,0.0,0.09,0.08617769624105241,0.08987854919801104
2,4,aug,wed,92.2,91.6,503.6,9.6,20.7,70,2.2,0.0,0.75,0.5596157879354227,0.6816387600233342
8,6,aug,wed,93.1,157.3,666.7,13.5,28.7,28,2.7,0.0,0.009204085015424673,0.00916198555245994,0.009203955061687167
3,4,aug,wed,93.1,157.3,666.7,13.5,21.7,40,0.4,0.0,2.47,1.244154593958768,0.6222335553193046
8,5,aug,wed,93.1,157.3,666.7,13.5,26.8,25,3.1,0.0,0.68,0.5187937934151676,0.6287930240184686
8,5,aug,wed,93.1,157.3,666.7,13.5,24.0,36,3.1,0.0,0.24,0.2151113796169455,0.23770262642713458
6,5,aug,wed,93.1,157.3,666.7,13.5,22.1,37,3.6,0.0,0.21,0.1906203596086497,0.20845989984609956
7,4,aug,thu,91.9,109.2,565.5,8.0,21.4,38,2.7,0.0,1.52,0.9242589015233319,0.998710143975583
6,3,aug,thu,91.6,138.1,621.7,6.3,18.9,41,3.1,0.0,10.34,2.428336298299606,-0.79269796476672
2,5,aug,thu,87.5,77.0,694.8,5.0,22.3,46,4.0,0.0,0.006115912406491082,0.006097286120119721,0.006115874279572453
8,6,aug,sat,94.2,117.2,581.1,11.0,23.9,41,2.2,0.0,8.02,2.199444334074532,0.9862505748896837
4,3,aug,sat,94.2,117.2,581.1,11.0,21.4,44,2.7,0.0,0.68,0.5187937934151676,0.6287930240184686
3,4,aug,sat,91.8,170.9,692.3,13.7,20.6,59,0.9,0.0,0.0036928712221398962,0.003686069313779377,0.0036928628286814814
7,4,aug,sat,91.8,170.9,692.3,13.7,23.7,40,1.8,0.0,1.38,0.8671004876833833,0.9818535303723597
2,4,aug,mon,93.6,97.9,542.0,14.4,28.3,32,4.0,0.0,8.85,2.2874714551839976,0.5436484436660883
3,4,aug,fri,91.6,112.4,573.0,8.9,11.2,84,7.6,0.0,3.3,1.4586150226995167,-0.1577456941432482
2,4,aug,fri,91.6,112.4,573.0,8.9,21.4,42,3.1,0.0,4.25,1.6582280766035324,-0.8949893582285835
6,3,aug,fri,91.1,141.1,629.1,7.1,19.3,39,3.6,0.0,1.56,0.9400072584914712,0.9999417202299663
4,4,aug,fri,94.3,167.6,684.4,13.0,21.8,53,3.1,0.0,6.54,2.020222182019865,0.2540010039700232
4,4,aug,tue,93.7,102.2,550.3,14.6,22.1,54,7.6,0.0,0.79,0.5822156198526637,0.7103532724176078
6,5,aug,tue,94.3,131.7,607.1,22.7,19.4,55,4.0,0.0,0.17,0.1570037488096647,0.16918234906699603
2,2,aug,tue,92.1,152.6,658.2,14.3,23.7,24,3.1,0.0,0.00931537812472053,0.009272257572562791,0.009315243399677806
3,4,aug,tue,92.1,152.6,658.2,14.3,21.0,32,3.1,0.0,0.0031789210913515447,0.0031738790044706392,0.0031789157372355773
4,4,aug,tue,92.1,152.6,658.2,14.3,19.1,53,2.7,0.0,4.4,1.6863989535702288,-0.9516020738895161
2,2,aug,tue,92.1,152.6,658.2,14.3,21.8,56,3.1,0.0,0.52,0.41871033485818504,0.49688013784373675
8,6,aug,tue,92.1,152.6,658.2,14.3,20.1,58,4.5,0.0,9.27,2.329227023940467,0.15416071816723032
2,5,aug,tue,92.1,152.6,658.2,14.3,20.2,47,4.0,0.0,3.09,1.4085449700547104,0.05156976839853464
4,6,dec,sun,84.4,27.2,353.5,6.8,4.8,57,8.5,0.0,8.98,2.300583090323373,0.43025745471376875
8,6,dec,wed,84.0,27.8,354.6,5.3,5.1,61,8.0,0.0,11.19,2.5006159434931803,-0.9811587854770618
4,6,dec,thu,84.6,26.4,352.0,2.0,5.1,61,4.9,0.0,5.38,1.8531680973566984,-0.7853029510887806
4,4,dec,mon,85.4,25.4,349.7,2.6,4.6,21,8.5,0.0,17.85,2.93651291389402,-0.8412309652277599
3,4,dec,mon,85.4,25.4,349.7,2.6,4.6,21,8.5,0.0,10.73,2.462149662665384,-0.9649419305071872
4,4,dec,mon,85.4,25.4,349.7,2.6,4.6,21,8.5,0.0,22.03,3.136797713832594,-0.03884165167055512
4,4,dec,mon,85.4,25.4,349.7,2.6,4.6,21,8.5,0.0,9.77,2.3767644911682972,-0.3384056245787381
4,6,dec,fri,84.7,26.7,352.6,4.1,2.2,59,4.9,0.0,9.27,2.329227023940467,0.15416071816723032
6,5,dec,tue,85.4,25.4,349.7,2.6,5.1,24,8.5,0.0,24.77,3.2492110246642736,-0.35483841376010133
6,3,feb,sun,84.9,27.5,353.5,3.4,4.2,51,4.0,0.0,0.002337283317591754,0.002334556119601438,0.0023372811895374366
3,4,feb,wed,86.9,6.6,18.7,3.2,8.8,35,3.1,0.0,1.1,0.7419373447293773,0.8912073600614354
5,4,feb,fri,85.2,4.9,15.8,6.3,7.5,46,8.0,0.0,24.24,3.228430037673012,-0.7787941881020741
2,5,jul,sun,93.9,169.7,411.8,12.3,23.4,40,6.3,0.0,0.004977212109253348,0.0049648667358123625,0.004977191559497855
7,6,jul,wed,91.2,183.1,437.7,12.5,12.6,90,7.6,0.2,0.0015822114060749706,0.0015809610283424932,0.0015822107459255777
7,4,jul,sat,91.6,104.2,474.9,9.0,22.1,49,2.7,0.0,0.0037268408858192673,0.0037199134206972015,0.003726832258596704
7,4,jul,sat,91.6,104.2,474.9,9.0,24.2,32,1.8,0.0,0.001997184816351843,0.001995193094207065,0.00199718348864122
7,4,jul,sat,91.6,104.2,474.9,9.0,24.3,30,1.8,0.0,0.0013997579409344135,0.0013987791930214334,0.0013997574838383018
2,5,jul,sat,91.6,104.2,474.9,9.0,18.7,53,1.8,0.0,0.0027617461647663644,0.0027579395508174876,0.002761742654016702
9,4,jul,sat,91.6,104.2,474.9,9.0,25.3,39,0.9,0.0,8.0,2.1972245773362196,0.9893582466233818
4,5,jul,fri,91.6,100.2,466.3,6.3,22.9,40,1.3,0.0,2.64,1.2919836816486494,0.4808226149886482
7,6,jul,tue,93.1,180.4,430.8,11.0,26.9,28,5.4,0.0,86.45,4.471067201464611,-0.9984210817931215
8,6,jul,tue,92.3,88.8,440.9,8.5,17.1,67,3.6,0.0,6.57,2.0241930674493576,0.282898478509493
7,5,jun,sun,93.1,180.4,430.8,11.0,22.2,48,1.3,0.0,0.007102220012723953,0.007077118031287795,0.007102160305068289
6,4,jun,sun,90.4,89.5,290.8,6.4,14.3,46,1.8,0.0,0.9,0.6418538861723947,0.7833269096274833
8,6,jun,sun,90.4,89.5,290.8,6.4,15.4,45,2.2,0.0,0.007507239413590877,0.007479200335059828,0.0075071688974844815
8,6,jun,wed,91.2,147.8,377.2,12.7,19.6,43,4.9,0.0,0.0035113357992912105,0.0035051854528264873,0.003511328583805436
6,5,jun,sat,53.4,71.0,233.8,0.4,10.6,90,2.7,0.0,0.0035595457908618594,0.003553225601305649,0.0035595382740751533
6,5,jun,mon,90.4,93.3,298.1,7.5,20.7,25,4.9,0.0,0.009925806946063423,0.00987686968571852,0.009925643962397347
6,5,jun,mon,90.4,93.3,298.1,7.5,19.1,39,5.4,0.0,3.52,1.5085119938441398,-0.3694409585444771
3,6,jun,fri,91.1,94.1,232.1,7.1,19.2,38,4.5,0.0,0.0006579675425370697,0.0006577511767961462,0.0006579674950623782
3,6,jun,fri,91.1,94.1,232.1,7.1,19.2,38,4.5,0.0,0.0021376897145312206,0.0021354081068744157,0.0021376880864253088
6,5,may,sat,85.1,28.0,113.8,3.5,11.3,94,4.9,0.0,0.0017496559947357358,0.0017481271297511022,0.0017496551020333602
1,4,sep,sun,89.6,84.1,714.3,5.7,19.0,52,2.2,0.0,0.0077263816424193955,0.007696686017516251,0.007726304769049103
7,4,sep,sun,89.6,84.1,714.3,5.7,17.1,53,5.4,0.0,0.41,0.34358970439007686,0.3986093279844229
3,4,sep,sun,89.6,84.1,714.3,5.7,23.8,35,3.6,0.0,5.18,1.8213182714695995,-0.8926476794282346
2,4,sep,sun,92.4,105.8,758.1,9.9,16.0,45,1.8,0.0,0.007881336739956174,0.00785044123131991,0.007881255148055172
2,4,sep,sun,92.4,105.8,758.1,9.9,24.9,27,2.2,0.0,0.0041505133682436775,0.004141923746989664,0.0041505014516034855
7,4,sep,sun,92.4,105.8,758.1,9.9,25.3,27,2.7,0.0,0.003689512633220357,0.0036827230764641177,0.0036895042626421334
6,3,sep,sun,92.4,105.8,758.1,9.9,24.8,28,1.8,0.0,14.29,2.727199019940971,0.988343743433613
2,4,sep,sun,50.4,46.2,706.6,0.4,12.2,78,6.3,0.0,0.0003097202035806119,0.0003096722501795819,0.0003097201986288773
6,5,sep,wed,92.6,115.4,777.1,8.8,24.3,27,4.9,0.0,0.006514263996145202,0.006493137876221233,0.006514217923420973
4,4,sep,wed,92.6,115.4,777.1,8.8,19.7,41,1.8,0.0,1.58,0.9477893989335261,0.9999576464987401
3,4,sep,wed,91.2,134.7,817.5,7.2,18.5,30,2.7,0.0,0.0015366840772779635,0.0015355045864831102,0.001536683472490929
4,5,sep,thu,92.4,96.2,739.4,8.6,18.6,24,5.8,0.0,0.008222221803783009,0.008188603490526063,0.008222129160306013
4,4,sep,thu,92.4,96.2,739.4,8.6,19.2,24,4.9,0.0,3.78,1.5644405465033644,-0.5959172238077639
6,5,sep,thu,92.8,119.0,783.5,7.5,21.6,27,2.2,0.0,0.004048979638606683,0.004040804580216717,0.0040489685752943825
5,4,sep,thu,92.8,119.0,783.5,7.5,21.6,28,6.3,0.0,4.41,1.6882490928583902,-0.9546277716602164
6,3,sep,thu,92.8,119.0,783.5,7.5,18.9,34,7.2,0.0,34.36,3.5655812377694427,0.19623736247294143
1,4,sep,thu,92.8,119.0,783.5,7.5,16.8,28,4.0,0.0,7.21,2.105352923464337,0.7997115925405982
6,5,sep,thu,92.8,119.0,783.5,7.5,16.8,28,4.0,0.0,1.01,0.6981347220709843,0.8468318446180152
3,5,sep,thu,90.7,136.9,822.8,6.8,12.9,39,2.7,0.0,2.18,1.1568811967920856,0.8201039476213742
6,5,sep,thu,88.1,53.3,726.9,5.4,13.7,56,1.8,0.0,4.42,1.6900958154515549,-0.9575580074492711
1,4,sep,sat,92.2,102.3,751.5,8.4,24.2,27,3.1,0.0,0.005330811025306583,0.005316652547370217,0.005330785777247702
5,4,sep,sat,92.2,102.3,751.5,8.4,24.1,27,3.1,0.0,0.0044204927225081755,0.004410751042685835,0.004420478325894026
6,5,sep,sat,92.2,102.3,751.5,8.4,21.2,32,2.2,0.0,0.006080418177153619,0.006062007028510555,0.006080380710207762
6,5,sep,sat,92.2,102.3,751.5,8.4,19.7,35,1.8,0.0,0.006250342380267653,0.006230890004260235,0.0062503016835555
4,3,sep,sat,92.2,102.3,751.5,8.4,23.5,27,4.0,0.0,3.33,1.4655675420143985,-0.1872946635429032
3,3,sep,sat,92.2,102.3,751.5,8.4,24.2,27,3.1,0.0,6.58,2.0255131996542803,0.2924756724298697
7,4,sep,sat,91.2,124.4,795.3,8.5,21.5,28,4.5,0.0,15.64,2.8118094353930627,0.06791095957636362
4,4,sep,sat,91.2,124.4,795.3,8.5,17.1,41,2.2,0.0,11.22,2.503073953743449,-0.9749220735246146
1,4,sep,mon,92.1,87.7,721.1,9.5,18.1,54,3.1,0.0,2.13,1.1410330045520618,0.8476778401335698
2,3,sep,mon,91.6,108.4,764.0,6.2,18.0,51,5.4,0.0,0.009208740586350104,0.009166598653274991,0.009208610435315462
4,3,sep,mon,91.6,108.4,764.0,6.2,9.8,86,1.8,0.0,0.0072723124982880544,0.007245996741004527,0.007272248397229831
7,4,sep,mon,91.6,108.4,764.0,6.2,19.3,44,2.2,0.0,0.0018661371649774487,0.0018643980942451596,0.0018661360818505025
6,3,sep,mon,91.6,108.4,764.0,6.2,23.0,34,2.2,0.0,56.04,4.04375277610604,-0.4870141128919086
8,6,sep,mon,91.6,108.4,764.0,6.2,22.7,35,2.2,0.0,7.48,2.1377104498038118,0.9308801388471136
2,4,sep,mon,91.6,108.4,764.0,6.2,20.4,41,1.8,0.0,1.47,0.9042181506398858,0.9949243497775809
2,5,sep,mon,91.6,108.4,764.0,6.2,19.3,44,2.2,0.0,3.93,1.5953389880545987,-0.709231390201386
8,6,sep,mon,91.9,111.7,770.3,6.5,15.7,51,2.2,0.0,0.0006188026846421085,0.0006186113052075032,0.0006188026451504558
6,3,sep,mon,91.5,130.1,807.1,7.5,20.6,37,1.8,0.0,0.003387626433896057,0.0033819013534473977,0.0033876199544923572
8,6,sep,mon,91.5,130.1,807.1,7.5,15.9,51,4.5,0.0,2.18,1.1568811967920856,0.8201039476213742
6,3,sep,mon,91.5,130.1,807.1,7.5,12.2,66,4.9,0.0,6.1,1.9600947840472698,-0.1821625042720959
2,2,sep,mon,91.5,130.1,807.1,7.5,16.8,43,3.1,0.0,5.83,1.9213246735826988,-0.4378315232631469
1,4,sep,mon,91.5,130.1,807.1,7.5,21.3,35,2.2,0.0,28.19,3.3738261848660236,0.08423395122623156
5,4,sep,fri,92.1,99.0,745.3,9.6,10.1,75,3.6,0.0,0.005684948862871363,0.005668850524421655,0.005684918241281507
3,4,sep,fri,92.1,99.0,745.3,9.6,17.4,57,4.5,0.0,0.008317884305822594,0.008283481347724693,0.008317788390967827
5,4,sep,fri,92.1,99.0,745.3,9.6,12.8,64,3.6,0.0,1.64,0.9707789171582246,0.9976063813191737
5,4,sep,fri,92.1,99.0,745.3,9.6,10.1,75,3.6,0.0,3.71,1.5496879080283263,-0.5382905082900177
4,4,sep,fri,92.1,99.0,745.3,9.6,15.4,53,6.3,0.0,7.31,2.1174596088673567,0.8556547866465435
7,4,sep,fri,92.1,99.0,745.3,9.6,20.6,43,3.6,0.0,2.03,1.1085626195212777,0.89640574115156
7,4,sep,fri,92.1,99.0,745.3,9.6,19.8,47,2.7,0.0,1.72,1.000631880307906,0.9888897660047015
7,4,sep,fri,92.1,99.0,745.3,9.6,18.7,50,2.2,0.0,5.97,1.9416152247724325,-0.3080905586823781
4,4,sep,fri,92.1,99.0,745.3,9.6,20.8,35,4.9,0.0,13.06,2.643333886382519,0.4738251077059589
4,4,sep,fri,92.1,99.0,745.3,9.6,20.8,35,4.9,0.0,1.26,0.8153648132841944,0.9520903415905158
6,3,sep,fri,92.5,122.0,789.7,10.2,15.9,55,3.6,0.0,0.009899322404343595,0.009850645096929515,0.009899160721839117
6,3,sep,fri,92.5,122.0,789.7,10.2,19.7,39,2.7,0.0,0.009963864413894723,0.009914552405101924,0.009963699548304707
1,4,sep,fri,92.5,122.0,789.7,10.2,21.1,39,2.2,0.0,8.12,2.21046980408624,0.9648252809930913
6,5,sep,fri,92.5,122.0,789.7,10.2,18.4,42,2.2,0.0,1.09,0.7371640659767196,0.8866269144494873
4,3,sep,fri,92.5,122.0,789.7,10.2,17.3,45,4.0,0.0,3.94,1.597365331199831,-0.7162455691239705
7,4,sep,fri,88.2,55.2,732.3,11.6,15.2,64,3.1,0.0,0.52,0.41871033485818504,0.49688013784373675
4,3,sep,tue,91.9,111.7,770.3,6.5,15.9,53,2.2,0.0,2.93,1.3686394258811698,0.21001729925089913
6,5,sep,tue,91.9,111.7,770.3,6.5,21.1,35,2.7,0.0,5.65,1.8946168546677629,-0.5917155806310094
6,5,sep,tue,91.9,111.7,770.3,6.5,19.6,45,3.1,0.0,20.03,3.0459499897146083,0.924775081743537
4,5,sep,tue,91.1,132.3,812.1,12.5,15.9,38,5.4,0.0,1.75,1.0116009116784799,0.9839859468739369
4,5,sep,tue,91.1,132.3,812.1,12.5,16.4,27,3.6,0.0,0.009428706428075676,0.009384533620171998,0.009428566725902978
6,5,sep,sat,91.2,94.3,744.4,8.4,16.8,47,4.9,0.0,12.64,2.613006652415316,0.07356287600690768
4,5,sep,sun,91.0,276.3,825.1,7.1,13.8,77,7.6,0.0,0.008365191482769416,0.008330397174532884,0.008365093922073423
7,4,sep,sun,91.0,276.3,825.1,7.1,13.8,77,7.6,0.0,11.06,2.4898941912990393,-0.997925381525997
3,4,jul,wed,91.9,133.6,520.5,8.0,14.2,58,4.0,0.0,0.003034984334390962,0.003030388066821003,0.0030349796751206115
4,5,aug,sun,92.0,203.2,664.5,8.1,10.4,75,0.9,0.0,0.0031066568525788697,0.0031018411653928935,0.0031066518553597025
5,4,aug,thu,94.8,222.4,698.6,13.9,20.3,42,2.7,0.0,0.0007406456672923933,0.0007403715246436025,0.0007406455995781238
6,5,sep,fri,90.3,290.0,855.3,7.4,10.3,78,4.0,0.0,18.3,2.9601050959108397,-0.5223085896267315
6,5,sep,sat,91.2,94.3,744.4,8.4,15.4,57,4.9,0.0,39.35,3.6975913947159578,0.9967943635231856
8,6,aug,mon,92.1,207.0,672.6,8.2,21.1,54,2.2,0.0,0.009050070363988279,0.009009363890490412,0.009049946825341845
2,2,aug,sat,93.7,231.1,715.1,8.4,21.9,42,2.2,0.0,174.63,5.168379509433644,-0.9633408199785054
6,5,mar,thu,90.9,18.9,30.6,8.0,8.7,51,5.8,0.0,0.004563961707795385,0.004553578415207096,0.0045639458634510075
4,5,jan,sun,18.7,1.1,171.4,0.0,5.2,100,0.9,0.0,0.007931219061414375,0.007899932262938827,0.007931135910463566
5,4,jul,wed,93.7,101.3,458.8,11.9,19.3,39,7.2,0.0,7.73,2.166765369851511,0.9923241172312475
8,6,aug,thu,90.7,194.1,643.0,6.8,16.2,63,2.7,0.0,16.33,2.8524391037275145,-0.5826916065824577
8,6,aug,wed,95.2,217.7,690.0,18.0,28.2,29,1.8,0.0,5.86,1.925707441737794,-0.41066684829434086
9,6,aug,thu,91.6,248.4,753.8,6.3,20.5,58,2.7,0.0,42.87,3.7812307151781224,-0.896717775844359
8,4,aug,sat,91.6,273.8,819.1,7.7,21.3,44,4.5,0.0,12.18,2.578700529074361,-0.376829066830075
2,4,aug,sun,91.6,181.3,613.0,7.6,20.9,50,2.2,0.0,16.0,2.833213344056216,-0.2879033166650653
3,4,sep,sun,90.5,96.7,750.5,11.4,20.6,55,5.4,0.0,24.59,3.2422016501716975,-0.516485232684057
5,5,mar,thu,90.9,18.9,30.6,8.0,11.6,48,5.4,0.0,0.007682817586338266,0.007653455038810364,0.007682742005964835
6,4,aug,fri,94.8,227.0,706.7,12.0,23.3,34,3.1,0.0,28.74,3.392492941032009,-0.44901809227435996
7,4,aug,fri,94.8,227.0,706.7,12.0,23.3,34,3.1,0.0,0.008873763603149759,0.008834623141291301,0.008873647144807302
7,4,feb,mon,84.7,9.5,58.3,4.1,7.5,71,6.3,0.0,9.96,2.3942522815198695,-0.5100320402437544
8,6,sep,fri,91.1,91.3,738.1,7.2,20.7,46,2.7,0.0,30.18,3.4397768636296306,-0.9444531103652772
1,3,sep,sun,91.0,276.3,825.1,7.1,21.9,43,4.0,0.0,70.76,4.27332721775054,0.9972510149764566
2,4,mar,tue,93.4,15.0,25.6,11.4,15.2,19,7.6,0.0,0.008802759864498643,0.008764241454381072,0.00880264617937697
6,5,feb,mon,84.1,4.6,46.7,2.2,5.3,68,1.8,0.0,0.006316532826934656,0.00629666714439532,0.006316490823562742
4,5,feb,sun,85.0,9.0,56.9,3.5,10.1,62,1.8,0.0,51.78,3.966132331075178,0.9984167671702102
4,3,sep,sun,90.5,96.7,750.5,11.4,20.4,55,4.9,0.0,3.64,1.534714366238164,-0.47802724613534286
5,6,aug,sun,91.6,181.3,613.0,7.6,24.3,33,3.6,0.0,3.63,1.5325568680981427,-0.46922004128872713
1,2,aug,sat,93.7,231.1,715.1,8.4,25.9,32,3.1,0.0,0.005709058205316813,0.005692823293915625,0.005709027192482839
9,5,jun,wed,93.3,49.5,297.7,14.0,28.0,34,4.5,0.0,0.009344427924865588,0.009301038846217621,0.009344291935480722
9,5,jun,wed,93.3,49.5,297.7,14.0,28.0,34,4.5,0.0,8.16,2.214846178686039,0.9535406496505743
3,4,sep,thu,91.1,88.2,731.7,8.3,22.8,46,4.0,0.0,4.95,1.7833912195575383,-0.9719030694018208
9,9,aug,fri,94.8,227.0,706.7,12.0,25.0,36,4.0,0.0,0.006304915237068748,0.006285122410161069,0.006304873465032772
8,6,aug,thu,90.7,194.1,643.0,6.8,21.3,41,3.6,0.0,0.0060313840386032,0.0060132680483941355,0.006031347470796993
2,4,sep,wed,87.9,84.8,725.1,3.7,21.8,34,2.2,0.0,6.04,1.951608170169951,-0.2407954251341592
2,2,aug,tue,94.6,212.1,680.9,9.5,27.9,27,2.2,0.0,0.007818945847106776,0.007788536300901111,0.007818866177616622
6,5,sep,sat,87.1,291.3,860.6,4.0,17.0,67,4.9,0.0,3.95,1.599387576580599,-0.7231881240865121
4,5,feb,sat,84.7,8.2,55.0,2.9,14.2,46,4.0,0.0,0.0065716591382538395,0.0065501599252699395,0.006571611836973167
4,3,sep,fri,90.3,290.0,855.3,7.4,19.9,44,3.1,0.0,7.8,2.174751721484161,0.998543345374605
1,4,jul,tue,92.3,96.2,450.2,12.1,23.4,31,5.4,0.0,0.008067641376608235,0.008035271938053956,0.008067553860682653
6,3,feb,fri,84.1,7.3,52.8,2.7,14.7,42,2.7,0.0,0.00667629729299846,0.006654109520256157,0.006676247696069715
7,4,feb,fri,84.6,3.2,43.6,3.3,8.2,53,9.4,0.0,4.62,1.7263316639055997,-0.9957351730622453
9,4,jul,mon,92.3,92.1,442.1,9.8,22.8,27,4.5,0.0,1.63,0.9669838461896731,0.9982479743776325
7,5,aug,sat,93.7,231.1,715.1,8.4,26.4,33,3.6,0.0,0.00015684469800205346,0.0001568323991583775,0.00015684469735898342
5,4,aug,sun,93.6,235.1,723.1,10.1,24.1,50,4.0,0.0,0.002862458589280954,0.0028583695559604326,0.002862454680276104
8,6,aug,thu,94.8,222.4,698.6,13.9,27.5,27,4.9,0.0,746.28,6.616439947564594,-0.9885088375123775
6,3,jul,tue,92.7,164.1,575.8,8.9,26.3,39,3.1,0.0,7.02,2.081938421878423,0.6719322456828615
6,5,mar,wed,93.4,17.3,28.3,9.9,13.8,24,5.8,0.0,0.006774821552952496,0.006751975576313116,0.006774769727711009
2,4,aug,sun,92.0,203.2,664.5,8.1,24.9,42,5.4,0.0,2.44,1.235471471385307,0.6454349983343707
2,5,aug,sun,91.6,181.3,613.0,7.6,24.8,36,4.0,0.0,3.05,1.3987168811184478,0.0914646422324372
8,8,aug,wed,91.7,191.4,635.9,7.8,26.2,36,4.5,0.0,185.76,5.229824370102736,-0.3949683853257467
2,4,aug,wed,95.2,217.7,690.0,18.0,30.8,19,4.5,0.0,0.004734153331247732,0.004722982469872148,0.0047341356474628745
8,6,jul,sun,88.9,263.1,795.9,5.2,29.3,27,3.6,0.0,6.3,1.9878743481543455,0.016813900484349713
1,3,sep,sat,91.2,94.3,744.4,8.4,22.3,48,4.0,0.0,0.72,0.5423242908253617,0.6593846719714731
8,6,aug,sat,93.7,231.1,715.1,8.4,26.9,31,3.6,0.0,4.96,1.7850704810772584,-0.9695006994538088
2,2,aug,thu,91.6,248.4,753.8,6.3,20.4,56,2.2,0.0,2.441737439870008e-05,2.441707629938828e-05,2.4417374396273773e-05
8,6,aug,thu,91.6,248.4,753.8,6.3,20.4,56,2.2,0.0,0.008061918209771217,0.00802959455803647,0.008061830879963946
2,4,aug,mon,92.1,207.0,672.6,8.2,27.9,33,2.2,0.0,2.35,1.208960345836975,0.7114733527908443
1,3,aug,thu,94.8,222.4,698.6,13.9,26.2,34,5.8,0.0,0.003357448684478785,0.0033518250375328055,0.0033574423766970737
3,4,aug,sun,91.6,181.3,613.0,7.6,24.6,44,4.0,0.0,3.2,1.4350845252893227,-0.058374143427580086
7,4,sep,thu,89.7,287.2,849.3,6.8,19.4,45,3.6,0.0,0.007650551615002012,0.00762143455839539,0.007650476982890819
1,3,aug,sat,92.1,178.0,605.3,9.6,23.3,40,4.0,0.0,6.36,1.9960599327407849,0.07673917429251892
8,6,aug,thu,94.8,222.4,698.6,13.9,23.9,38,6.7,0.0,0.003868244786800312,0.0038607823660577766,0.003868235139844895
2,4,aug,sun,93.6,235.1,723.1,10.1,20.9,66,4.9,0.0,15.34,2.7936160894318567,0.3597157822506608
1,4,aug,fri,90.6,269.8,811.2,5.5,22.2,45,3.6,0.0,0.007511196251146474,0.007483127681316893,0.007511125623480826
2,5,jul,sat,90.8,84.7,376.6,5.6,23.8,51,1.8,0.0,0.008588600276674562,0.00855192807497462,0.008588494688733874
8,6,aug,mon,92.1,207.0,672.6,8.2,26.8,35,1.3,0.0,0.54,0.43178241642553783,0.5141359916531132
8,6,aug,sat,89.4,253.6,768.4,9.7,14.2,73,2.7,0.0,0.008117261976649606,0.008084494209254195,0.008117172835956477
2,5,aug,sat,93.7,231.1,715.1,8.4,23.6,53,4.0,0.0,6.43,2.005525858729668,0.14628784007345494
1,3,sep,fri,91.1,91.3,738.1,7.2,19.1,46,2.2,0.0,0.33,0.28517894223366247,0.32404302839486837
5,4,sep,fri,90.3,290.0,855.3,7.4,16.2,58,3.6,0.0,0.006412148371172946,0.006391678007214085,0.006412104431325404
8,6,aug,mon,92.1,207.0,672.6,8.2,25.5,29,1.8,0.0,1.23,0.8020015854720274,0.9424888019316975
6,5,apr,mon,87.9,24.9,41.6,3.7,10.9,64,3.1,0.0,3.35,1.4701758451005926,-0.20690197167339977
1,2,jul,fri,90.7,80.9,368.3,16.8,14.8,78,8.0,0.0,0.0024258021524012872,0.0024228646439438035,0.002425799773290024
2,5,sep,fri,90.3,290.0,855.3,7.4,16.2,58,3.6,0.0,9.96,2.3942522815198695,-0.5100320402437544
5,5,aug,sun,94.0,47.9,100.7,10.7,17.3,80,4.5,0.0,0.0015948572810447013,0.0015935868467661096,0.0015948566049396654
6,5,aug,sun,92.0,203.2,664.5,8.1,19.1,70,2.2,0.0,0.0005299298664516536,0.0005297895032061998,0.0005299298416486697
3,4,mar,wed,93.4,17.3,28.3,9.9,8.9,35,8.0,0.0,0.0060906246468588,0.006072151762221601,0.006090586990922474
7,4,sep,wed,89.7,284.9,844.0,10.1,10.5,77,4.0,0.0,0.007307765603983544,0.0072811932626860795,0.007307700560855846
7,4,aug,sun,91.6,181.3,613.0,7.6,19.3,61,4.9,0.0,0.00947867708352843,0.00943403629262858,0.009478535148371263
4,5,aug,wed,95.2,217.7,690.0,18.0,23.4,49,5.4,0.0,6.43,2.005525858729668,0.14628784007345494
1,4,aug,fri,90.5,196.8,649.9,16.3,11.8,88,4.9,0.0,9.71,2.3711778844596574,-0.28137052689782505
7,4,aug,mon,91.5,238.2,730.6,7.5,17.7,65,4.0,0.0,0.007616100882341502,0.007587244807256222,0.007616027253909093
4,5,aug,thu,89.4,266.2,803.3,5.6,17.4,54,3.1,0.0,0.0029381596606437715,0.0029338517057912374,0.0029381554332301974
3,4,aug,thu,91.6,248.4,753.8,6.3,16.8,56,3.1,0.0,0.0010043435901635632,0.0010038395745817573,0.001004343421315663
3,4,jul,mon,94.6,160.0,567.2,16.7,17.9,48,2.7,0.0,0.008232395053672553,0.008198693724944858,0.008232302065890915
2,4,aug,thu,91.6,248.4,753.8,6.3,16.6,59,2.7,0.0,0.003202935755857719,0.0031978172836424424,0.0032029302794823306
1,4,aug,wed,91.7,191.4,635.9,7.8,19.9,50,4.0,0.0,82.75,4.427836170705175,0.8765231419236595
8,6,aug,sat,93.7,231.1,715.1,8.4,18.9,64,4.9,0.0,3.32,1.463255402256019,-0.17746242484086017
7,4,aug,sat,91.6,273.8,819.1,7.7,15.5,72,8.0,0.0,1.94,1.0784095813505903,0.9326150140222005
2,5,aug,sat,93.7,231.1,715.1,8.4,18.9,64,4.9,0.0,0.0027149571324796024,0.0027112782934531968,0.00271495379715951
8,6,aug,sat,93.7,231.1,715.1,8.4,18.9,64,4.9,0.0,0.004347684480930121,0.004338260605574843,0.0043476707840266115
1,4,sep,sun,91.0,276.3,825.1,7.1,14.5,76,7.6,0.0,3.71,1.5496879080283263,-0.5382905082900177
6,5,feb,tue,75.1,4.4,16.2,1.9,4.6,82,6.3,0.0,5.39,1.8547342683894434,-0.7790726726314032
6,4,feb,tue,75.1,4.4,16.2,1.9,5.1,77,5.4,0.0,2.14,1.144222799920162,0.8423304316366457
2,2,feb,sat,79.5,3.6,15.3,1.8,4.6,59,0.9,0.0,6.84,2.0592388343623163,0.5284847399429308
6,5,mar,mon,87.2,15.1,36.9,7.1,10.2,45,5.8,0.0,3.18,1.430311246536665,-0.03839790450523538
3,4,mar,wed,90.2,18.5,41.1,7.3,11.2,41,5.4,0.0,5.55,1.8794650496471605,-0.669239857276262
6,5,mar,thu,91.3,20.6,43.5,8.5,13.3,27,3.6,0.0,6.61,2.0294631718735947,0.32102795412328977
6,3,apr,sun,91.0,14.6,25.6,12.3,13.7,33,9.4,0.0,61.13,4.129228964075603,-0.9914243498646285
5,4,apr,sun,91.0,14.6,25.6,12.3,17.6,27,5.8,0.0,0.0054946123072694,0.005479571993707589,0.005494584659553522
4,3,may,fri,89.6,25.4,73.7,5.7,18.0,40,4.0,0.0,38.48,3.675794214565281,0.7039105445160947
8,3,jun,mon,88.2,96.2,229.0,4.7,14.3,79,4.0,0.0,1.94,1.0784095813505903,0.9326150140222005
9,4,jun,sat,90.5,61.1,252.6,9.4,24.5,50,3.1,0.0,70.32,4.267176792994939,0.9338254881457034
4,3,jun,thu,93.0,103.8,316.7,10.8,26.4,35,2.7,0.0,10.08,2.405141681319138,-0.609335316063561
2,5,jun,thu,93.7,121.7,350.2,18.0,22.7,40,9.4,0.0,3.19,1.4327007339340463,-0.04838844336841414
4,3,jul,thu,93.5,85.3,395.0,9.9,27.2,28,1.3,0.0,1.76,1.0152306797290584,0.9821543171376185
4,3,jul,sun,93.7,101.3,423.4,14.7,26.1,45,4.0,0.0,7.36,2.1234584270966104,0.8804520095530344
7,4,jul,sun,93.7,101.3,423.4,14.7,18.2,82,4.5,0.0,2.21,1.1662709371419244,0.8025710662467473
7,4,jul,mon,89.2,103.9,431.6,6.4,22.6,57,4.9,0.0,278.53,5.633109621361155,0.8780375447903994
9,9,jul,thu,93.2,114.4,560.0,9.5,30.2,25,4.5,0.0,2.75,1.3217558399823195,0.38166099205233167
4,3,jul,thu,93.2,114.4,560.0,9.5,30.2,22,4.9,0.0,0.004339574015395253,0.00433018521653609,0.004339560395002189
3,4,aug,sun,94.9,130.3,587.1,14.1,23.4,40,5.8,0.0,1.29,0.8285518175661483,0.9608350642060727
8,6,aug,sun,94.9,130.3,587.1,14.1,31.0,27,5.4,0.0,0.008136616482874429,0.008103692690588494,0.008136526703029612
2,5,aug,sun,94.9,130.3,587.1,14.1,33.1,25,4.0,0.0,26.43,3.311637304949512,0.9628212906172123
2,4,aug,mon,95.0,135.5,596.3,21.3,30.6,28,3.6,0.0,2.07,1.1216775615991057,0.8779640629990781
5,4,aug,tue,95.1,141.3,605.8,17.7,24.1,43,6.3,0.0,2.0,1.0986122886681098,0.9092974268256817
5,4,aug,tue,95.1,141.3,605.8,17.7,26.4,34,3.6,0.0,16.4,2.856470206220483,-0.6381066823479474
4,4,aug,tue,95.1,141.3,605.8,17.7,19.4,71,7.6,0.0,46.7,3.8649313978942956,0.41130909615456707
4,4,aug,wed,95.1,141.3,605.8,17.7,20.6,58,1.3,0.0,0.006639276925501297,0.006617333996363583,0.00663922814905643
4,4,aug,wed,95.1,141.3,605.8,17.7,28.7,33,4.0,0.0,0.0004589622149225192,0.0004588569239802568,0.00045896219880940285
4,4,aug,thu,95.8,152.0,624.1,13.8,32.4,21,4.5,0.0,0.005620730619155462,0.00560499325559078,0.005620701023607962
1,3,aug,fri,95.9,158.0,633.6,11.3,32.4,27,2.2,0.0,0.0029329078539798714,0.002928615270858962,0.002932903649194637
1,3,aug,fri,95.9,158.0,633.6,11.3,27.5,29,4.5,0.0,43.32,3.7914360424390283,-0.6149299635578708
6,6,aug,sat,96.0,164.0,643.0,14.0,30.8,30,4.9,0.0,8.59,2.2607208888953467,0.7411474656789752
6,6,aug,mon,96.2,175.5,661.8,16.8,23.9,42,2.2,0.0,0.0007854218289485152,0.0007851135466343245,0.0007854217481957063
4,5,aug,mon,96.2,175.5,661.8,16.8,32.6,26,3.1,0.0,2.77,1.3270750014599193,0.3630998472041683
3,4,aug,tue,96.1,181.1,671.2,14.3,32.3,27,2.2,0.0,14.68,2.7523860149222616,0.8562486637151049
6,5,aug,tue,96.1,181.1,671.2,14.3,33.3,26,2.7,0.0,40.54,3.726656818447966,0.29619316464278383
7,5,aug,tue,96.1,181.1,671.2,14.3,27.3,63,4.9,6.4,10.82,2.469793011977952,-0.9846263883877127
8,6,aug,tue,96.1,181.1,671.2,14.3,21.6,65,4.9,0.8,0.006493702618122764,0.006472709364894533,0.006493656980289003
7,5,aug,tue,96.1,181.1,671.2,14.3,21.6,65,4.9,0.8,0.0009117328338728996,0.0009113174579480279,0.0009117327075588912
4,4,aug,tue,96.1,181.1,671.2,14.3,20.7,69,4.9,0.4,0.008530714929147185,0.008494534001052455,0.008530611461765876
2,4,aug,wed,94.5,139.4,689.1,20.0,29.2,30,4.9,0.0,1.95,1.0818051703517284,0.9289597150038693
4,3,aug,wed,94.5,139.4,689.1,20.0,28.9,29,4.9,0.0,49.59,3.923753928303845,-0.6252739018603697
1,2,aug,thu,91.0,163.2,744.4,10.1,26.7,35,1.8,0.0,5.8,1.916922612182061,-0.46460217941375737
1,2,aug,fri,91.0,166.9,752.6,7.1,18.5,73,8.5,0.0,0.0051948650954455325,0.005181418333072002,0.00519484173016577
2,4,aug,fri,91.0,166.9,752.6,7.1,25.9,41,3.6,0.0,0.005652200818943633,0.005636287068875879,0.005652170723496034
1,2,aug,fri,91.0,166.9,752.6,7.1,25.9,41,3.6,0.0,0.009781262153400295,0.00973373527269262,0.00978110618688512
5,4,aug,fri,91.0,166.9,752.6,7.1,21.1,71,7.6,1.4,2.17,1.1537315878891892,0.8257849931056082
6,5,aug,fri,91.0,166.9,752.6,7.1,18.2,62,5.4,0.0,0.43,0.3576744442718159,0.41687080242921076
8,6,aug,sun,81.6,56.7,665.6,1.9,27.8,35,2.7,0.0,0.005991636959641475,0.005973758481602842,0.0059916011100308265
4,3,aug,sun,81.6,56.7,665.6,1.9,27.8,32,2.7,0.0,6.44,2.0068708488450007,0.1561727815432119
2,4,aug,sun,81.6,56.7,665.6,1.9,21.9,71,5.8,0.0,54.29,4.012592060349841,-0.7725991757741631
7,4,aug,sun,81.6,56.7,665.6,1.9,21.2,70,6.7,0.0,11.16,2.498151876538021,-0.9865125207488105
1,4,aug,sat,94.4,146.0,614.7,11.3,25.6,42,4.0,0.0,0.0006819154683253975,0.0006816830696171775,0.0006819154154759604
6,3,nov,tue,79.5,3.0,106.7,1.1,11.8,31,4.5,0.0,0.006673803132594646,0.00665163189810444,0.006673753591230969
